State,Month,Year,Month Number,Month Name,Actual Sales,Predicted Sales,Error,Absolute Error,Best Model,MAE,RMSE,MAPE,WAPE,Forecast Reliability
Alabama,2018-07-01,2018,7,July,0.0,16.240000000000002,-16.240000000000002,16.240000000000002,Last Value (Naive),203.9133,396.6287,83.7947,101.0039,Very Low
Alabama,2018-08-01,2018,8,August,0.0,16.240000000000002,-16.240000000000002,16.240000000000002,Last Value (Naive),203.9133,396.6287,83.7947,101.0039,Very Low
Alabama,2018-09-01,2018,9,September,0.0,16.240000000000002,-16.240000000000002,16.240000000000002,Last Value (Naive),203.9133,396.6287,83.7947,101.0039,Very Low
Alabama,2018-10-01,2018,10,October,10.16,16.240000000000002,-6.080000000000002,6.080000000000002,Last Value (Naive),203.9133,396.6287,83.7947,101.0039,Very Low
Alabama,2018-11-01,2018,11,November,239.92,16.240000000000002,223.67999999999998,223.67999999999998,Last Value (Naive),203.9133,396.6287,83.7947,101.0039,Very Low
Alabama,2018-12-01,2018,12,December,961.24,16.240000000000002,945.0,945.0,Last Value (Naive),203.9133,396.6287,83.7947,101.0039,Very Low
Arizona,2018-07-01,2018,7,July,1298.896,935.308,363.58799999999997,363.58799999999997,Last Value (Naive),714.2453,1016.5609,85.4903,54.8273,Very Low
Arizona,2018-08-01,2018,8,August,223.576,935.308,-711.732,711.732,Last Value (Naive),714.2453,1016.5609,85.4903,54.8273,Very Low
Arizona,2018-09-01,2018,9,September,606.533,935.308,-328.775,328.775,Last Value (Naive),714.2453,1016.5609,85.4903,54.8273,Very Low
Arizona,2018-10-01,2018,10,October,961.104,935.308,25.79600000000005,25.79600000000005,Last Value (Naive),714.2453,1016.5609,85.4903,54.8273,Very Low
Arizona,2018-11-01,2018,11,November,3192.462,935.308,2257.154,2257.154,Last Value (Naive),714.2453,1016.5609,85.4903,54.8273,Very Low
Arizona,2018-12-01,2018,12,December,1533.735,935.308,598.4269999999999,598.4269999999999,Last Value (Naive),714.2453,1016.5609,85.4903,54.8273,Very Low
Arkansas,2018-07-01,2018,7,July,0.0,117.62,-117.62,117.62,Last Value (Naive),415.3517,613.7695,713.7784,99.6561,Very Low
Arkansas,2018-08-01,2018,8,August,0.0,117.62,-117.62,117.62,Last Value (Naive),415.3517,613.7695,713.7784,99.6561,Very Low
Arkansas,2018-09-01,2018,9,September,939.82,117.62,822.2,822.2,Last Value (Naive),415.3517,613.7695,713.7784,99.6561,Very Low
Arkansas,2018-10-01,2018,10,October,199.17,117.62,81.54999999999998,81.54999999999998,Last Value (Naive),415.3517,613.7695,713.7784,99.6561,Very Low
Arkansas,2018-11-01,2018,11,November,4.3,117.62,-113.32000000000001,113.32000000000001,Last Value (Naive),415.3517,613.7695,713.7784,99.6561,Very Low
Arkansas,2018-12-01,2018,12,December,1357.42,117.62,1239.8000000000002,1239.8000000000002,Last Value (Naive),415.3517,613.7695,713.7784,99.6561,Very Low
California,2018-07-01,2018,7,July,12923.859,12173.245504142224,750.6134958577768,750.6134958577768,Holt Linear Trend,3003.7766,3718.4158,17.5552,19.1778,Moderate
California,2018-08-01,2018,8,August,14534.322,12367.563844258146,2166.7581557418544,2166.7581557418544,Holt Linear Trend,3003.7766,3718.4158,17.5552,19.1778,Moderate
California,2018-09-01,2018,9,September,18067.032,12561.882184374068,5505.149815625931,5505.149815625931,Holt Linear Trend,3003.7766,3718.4158,17.5552,19.1778,Moderate
California,2018-10-01,2018,10,October,15776.301000000001,12756.20052448999,3020.100475510011,3020.100475510011,Holt Linear Trend,3003.7766,3718.4158,17.5552,19.1778,Moderate
California,2018-11-01,2018,11,November,13357.371000000001,12950.518864605912,406.8521353940887,406.8521353940887,Holt Linear Trend,3003.7766,3718.4158,17.5552,19.1778,Moderate
California,2018-12-01,2018,12,December,19318.023,13144.837204721836,6173.185795278165,6173.185795278165,Holt Linear Trend,3003.7766,3718.4158,17.5552,19.1778,Moderate
Colorado,2018-07-01,2018,7,July,0.0,578.28,-578.28,578.28,Last Value (Naive),799.9855,1234.3668,805.3115,95.7884,Very Low
Colorado,2018-08-01,2018,8,August,16.752000000000002,578.28,-561.528,561.528,Last Value (Naive),799.9855,1234.3668,805.3115,95.7884,Very Low
Colorado,2018-09-01,2018,9,September,819.212,578.28,240.93200000000002,240.93200000000002,Last Value (Naive),799.9855,1234.3668,805.3115,95.7884,Very Low
Colorado,2018-10-01,2018,10,October,646.1279999999999,578.28,67.84799999999996,67.84799999999996,Last Value (Naive),799.9855,1234.3668,805.3115,95.7884,Very Low
Colorado,2018-11-01,2018,11,November,88.768,578.28,-489.51199999999994,489.51199999999994,Last Value (Naive),799.9855,1234.3668,805.3115,95.7884,Very Low
Colorado,2018-12-01,2018,12,December,3440.093,578.28,2861.813,2861.813,Last Value (Naive),799.9855,1234.3668,805.3115,95.7884,Very Low
Connecticut,2018-07-01,2018,7,July,847.46,279.57781578947373,567.8821842105262,567.8821842105262,Historical Average,455.7167,605.7924,552.0851,99.0545,Very Low
Connecticut,2018-08-01,2018,8,August,0.0,279.57781578947373,-279.57781578947373,279.57781578947373,Historical Average,455.7167,605.7924,552.0851,99.0545,Very Low
Connecticut,2018-09-01,2018,9,September,336.24,279.57781578947373,56.66218421052628,56.66218421052628,Historical Average,455.7167,605.7924,552.0851,99.0545,Very Low
Connecticut,2018-10-01,2018,10,October,13.05,279.57781578947373,-266.5278157894737,266.5278157894737,Historical Average,455.7167,605.7924,552.0851,99.0545,Very Low
Connecticut,2018-11-01,2018,11,November,0.0,279.57781578947373,-279.57781578947373,279.57781578947373,Historical Average,455.7167,605.7924,552.0851,99.0545,Very Low
Connecticut,2018-12-01,2018,12,December,1563.65,279.57781578947373,1284.0721842105263,1284.0721842105263,Historical Average,455.7167,605.7924,552.0851,99.0545,Very Low
Delaware,2018-06-01,2018,6,June,0.0,353.5392855048883,-353.5392855048883,353.5392855048883,Simple Exponential Smoothing,2137.9972,4288.795,61.8218,100.0,Very Low
Delaware,2018-07-01,2018,7,July,1679.153,353.5392855048883,1325.6137144951117,1325.6137144951117,Simple Exponential Smoothing,2137.9972,4288.795,61.8218,100.0,Very Low
Delaware,2018-08-01,2018,8,August,0.0,353.5392855048883,-353.5392855048883,353.5392855048883,Simple Exponential Smoothing,2137.9972,4288.795,61.8218,100.0,Very Low
Delaware,2018-09-01,2018,9,September,391.98,353.5392855048883,38.440714495111706,38.440714495111706,Simple Exponential Smoothing,2137.9972,4288.795,61.8218,100.0,Very Low
Delaware,2018-10-01,2018,10,October,0.0,353.5392855048883,-353.5392855048883,353.5392855048883,Simple Exponential Smoothing,2137.9972,4288.795,61.8218,100.0,Very Low
Delaware,2018-11-01,2018,11,November,10756.85,353.5392855048883,10403.310714495112,10403.310714495112,Simple Exponential Smoothing,2137.9972,4288.795,61.8218,100.0,Very Low
Florida,2018-07-01,2018,7,July,379.6,1877.78125,-1498.18125,1498.18125,Six Month Moving Average,1417.472,1897.2279,97.963,56.0338,Very Low
Florida,2018-08-01,2018,8,August,4628.311999999999,1877.78125,2750.530749999999,2750.530749999999,Six Month Moving Average,1417.472,1897.2279,97.963,56.0338,Very Low
Florida,2018-09-01,2018,9,September,1976.152,1877.78125,98.37075000000004,98.37075000000004,Six Month Moving Average,1417.472,1897.2279,97.963,56.0338,Very Low
Florida,2018-10-01,2018,10,October,1773.647,1877.78125,-104.13425000000007,104.13425000000007,Six Month Moving Average,1417.472,1897.2279,97.963,56.0338,Very Low
Florida,2018-11-01,2018,11,November,5236.965999999999,1877.78125,3359.1847499999994,3359.1847499999994,Six Month Moving Average,1417.472,1897.2279,97.963,56.0338,Very Low
Florida,2018-12-01,2018,12,December,1183.3509999999999,1877.78125,-694.4302500000001,694.4302500000001,Six Month Moving Average,1417.472,1897.2279,97.963,56.0338,Very Low
Georgia,2018-06-01,2018,6,June,544.14,1091.871463414634,-547.731463414634,547.731463414634,Historical Average,949.001,980.5724,627.6679,164.9299,Very Low
Georgia,2018-07-01,2018,7,July,372.71000000000004,1091.871463414634,-719.161463414634,719.161463414634,Historical Average,949.001,980.5724,627.6679,164.9299,Very Low
Georgia,2018-08-01,2018,8,August,71.98,1091.871463414634,-1019.891463414634,1019.891463414634,Historical Average,949.001,980.5724,627.6679,164.9299,Very Low
Georgia,2018-09-01,2018,9,September,2389.45,1091.871463414634,1297.5785365853658,1297.5785365853658,Historical Average,949.001,980.5724,627.6679,164.9299,Very Low
Georgia,2018-10-01,2018,10,October,0.0,1091.871463414634,-1091.871463414634,1091.871463414634,Historical Average,949.001,980.5724,627.6679,164.9299,Very Low
Georgia,2018-11-01,2018,11,November,74.1,1091.871463414634,-1017.771463414634,1017.771463414634,Historical Average,949.001,980.5724,627.6679,164.9299,Very Low
Idaho,2018-07-01,2018,7,July,0.0,0.0,0.0,0.0,Last Value (Naive),69.837,131.1823,100.0,100.0,Very Low
Idaho,2018-08-01,2018,8,August,0.0,0.0,0.0,0.0,Last Value (Naive),69.837,131.1823,100.0,100.0,Very Low
Idaho,2018-09-01,2018,9,September,89.97,0.0,89.97,89.97,Last Value (Naive),69.837,131.1823,100.0,100.0,Very Low
Idaho,2018-10-01,2018,10,October,307.74,0.0,307.74,307.74,Last Value (Naive),69.837,131.1823,100.0,100.0,Very Low
Idaho,2018-11-01,2018,11,November,0.0,0.0,0.0,0.0,Last Value (Naive),69.837,131.1823,100.0,100.0,Very Low
Idaho,2018-12-01,2018,12,December,21.312,0.0,21.312,21.312,Last Value (Naive),69.837,131.1823,100.0,100.0,Very Low
Illinois,2018-07-01,2018,7,July,1521.144,2010.6315411070339,-489.48754110703385,489.48754110703385,Holt Linear Trend,1116.0925,1326.2986,82.0533,50.2393,Very Low
Illinois,2018-08-01,2018,8,August,516.532,2031.1629175995738,-1514.6309175995739,1514.6309175995739,Holt Linear Trend,1116.0925,1326.2986,82.0533,50.2393,Very Low
Illinois,2018-09-01,2018,9,September,4069.581,2051.694294092114,2017.8867059078862,2017.8867059078862,Holt Linear Trend,1116.0925,1326.2986,82.0533,50.2393,Very Low
Illinois,2018-10-01,2018,10,October,2092.668,2072.225670584654,20.442329415346194,20.442329415346194,Holt Linear Trend,1116.0925,1326.2986,82.0533,50.2393,Very Low
Illinois,2018-11-01,2018,11,November,1227.3709999999999,2092.757047077194,-865.386047077194,865.386047077194,Holt Linear Trend,1116.0925,1326.2986,82.0533,50.2393,Very Low
Illinois,2018-12-01,2018,12,December,3902.01,2113.288423569734,1788.7215764302664,1788.7215764302664,Holt Linear Trend,1116.0925,1326.2986,82.0533,50.2393,Very Low
Indiana,2018-07-01,2018,7,July,1337.71,947.2126164651393,390.4973835348608,390.4973835348608,Simple Exponential Smoothing,1058.8633,1510.7586,37.2739,64.2762,Very Low
Indiana,2018-08-01,2018,8,August,2800.6600000000003,947.2126164651393,1853.447383534861,1853.447383534861,Simple Exponential Smoothing,1058.8633,1510.7586,37.2739,64.2762,Very Low
Indiana,2018-09-01,2018,9,September,0.0,947.2126164651393,-947.2126164651393,947.2126164651393,Simple Exponential Smoothing,1058.8633,1510.7586,37.2739,64.2762,Very Low
Indiana,2018-10-01,2018,10,October,909.12,947.2126164651393,-38.09261646513926,38.09261646513926,Simple Exponential Smoothing,1058.8633,1510.7586,37.2739,64.2762,Very Low
Indiana,2018-11-01,2018,11,November,3980.31,947.2126164651393,3033.0973835348605,3033.0973835348605,Simple Exponential Smoothing,1058.8633,1510.7586,37.2739,64.2762,Very Low
Indiana,2018-12-01,2018,12,December,856.38,947.2126164651393,-90.83261646513927,90.83261646513927,Simple Exponential Smoothing,1058.8633,1510.7586,37.2739,64.2762,Very Low
Iowa,2018-07-01,2018,7,July,30.32,0.0,30.32,30.32,Last Value (Naive),22.2783,32.4709,100.0,100.0,Very Low
Iowa,2018-08-01,2018,8,August,0.0,0.0,0.0,0.0,Last Value (Naive),22.2783,32.4709,100.0,100.0,Very Low
Iowa,2018-09-01,2018,9,September,0.0,0.0,0.0,0.0,Last Value (Naive),22.2783,32.4709,100.0,100.0,Very Low
Iowa,2018-10-01,2018,10,October,0.0,0.0,0.0,0.0,Last Value (Naive),22.2783,32.4709,100.0,100.0,Very Low
Iowa,2018-11-01,2018,11,November,45.92,0.0,45.92,45.92,Last Value (Naive),22.2783,32.4709,100.0,100.0,Very Low
Iowa,2018-12-01,2018,12,December,57.43,0.0,57.43,57.43,Last Value (Naive),22.2783,32.4709,100.0,100.0,Very Low
Kansas,2018-06-01,2018,6,June,0.0,0.0,0.0,0.0,Last Value (Naive),75.5417,156.0562,100.0,100.0,Very Low
Kansas,2018-07-01,2018,7,July,373.94,0.0,373.94,373.94,Last Value (Naive),75.5417,156.0562,100.0,100.0,Very Low
Kansas,2018-08-01,2018,8,August,0.0,0.0,0.0,0.0,Last Value (Naive),75.5417,156.0562,100.0,100.0,Very Low
Kansas,2018-09-01,2018,9,September,0.0,0.0,0.0,0.0,Last Value (Naive),75.5417,156.0562,100.0,100.0,Very Low
Kansas,2018-10-01,2018,10,October,0.0,0.0,0.0,0.0,Last Value (Naive),75.5417,156.0562,100.0,100.0,Very Low
Kansas,2018-11-01,2018,11,November,79.31,0.0,79.31,79.31,Last Value (Naive),75.5417,156.0562,100.0,100.0,Very Low
Kentucky,2018-07-01,2018,7,July,0.0,740.5899999999999,-740.5899999999999,740.5899999999999,Last Value (Naive),1891.955,2729.3093,96.5566,86.4037,Very Low
Kentucky,2018-08-01,2018,8,August,214.85000000000002,740.5899999999999,-525.7399999999999,525.7399999999999,Last Value (Naive),1891.955,2729.3093,96.5566,86.4037,Very Low
Kentucky,2018-09-01,2018,9,September,1787.8200000000002,740.5899999999999,1047.2300000000002,1047.2300000000002,Last Value (Naive),1891.955,2729.3093,96.5566,86.4037,Very Low
Kentucky,2018-10-01,2018,10,October,678.29,740.5899999999999,-62.299999999999955,62.299999999999955,Last Value (Naive),1891.955,2729.3093,96.5566,86.4037,Very Low
Kentucky,2018-11-01,2018,11,November,6343.469999999999,740.5899999999999,5602.879999999999,5602.879999999999,Last Value (Naive),1891.955,2729.3093,96.5566,86.4037,Very Low
Kentucky,2018-12-01,2018,12,December,4113.58,740.5899999999999,3372.99,3372.99,Last Value (Naive),1891.955,2729.3093,96.5566,86.4037,Very Low
Louisiana,2018-07-01,2018,7,July,0.0,84.62,-84.62,84.62,Three Month Moving Average,869.755,1216.5103,94.8121,100.0,Very Low
Louisiana,2018-08-01,2018,8,August,1298.55,84.62,1213.9299999999998,1213.9299999999998,Three Month Moving Average,869.755,1216.5103,94.8121,100.0,Very Low
Louisiana,2018-09-01,2018,9,September,0.0,84.62,-84.62,84.62,Three Month Moving Average,869.755,1216.5103,94.8121,100.0,Very Low
Louisiana,2018-10-01,2018,10,October,1541.51,84.62,1456.8899999999999,1456.8899999999999,Three Month Moving Average,869.755,1216.5103,94.8121,100.0,Very Low
Louisiana,2018-11-01,2018,11,November,0.0,84.62,-84.62,84.62,Three Month Moving Average,869.755,1216.5103,94.8121,100.0,Very Low
Louisiana,2018-12-01,2018,12,December,2378.47,84.62,2293.85,2293.85,Three Month Moving Average,869.755,1216.5103,94.8121,100.0,Very Low
Maine,2017-04-01,2017,4,April,0.0,0.0,0.0,0.0,Last Value (Naive),91.2217,223.4465,100.0,100.0,Very Low
Maine,2017-05-01,2017,5,May,0.0,0.0,0.0,0.0,Last Value (Naive),91.2217,223.4465,100.0,100.0,Very Low
Maine,2017-06-01,2017,6,June,0.0,0.0,0.0,0.0,Last Value (Naive),91.2217,223.4465,100.0,100.0,Very Low
Maine,2017-07-01,2017,7,July,0.0,0.0,0.0,0.0,Last Value (Naive),91.2217,223.4465,100.0,100.0,Very Low
Maine,2017-08-01,2017,8,August,0.0,0.0,0.0,0.0,Last Value (Naive),91.2217,223.4465,100.0,100.0,Very Low
Maine,2017-09-01,2017,9,September,547.33,0.0,547.33,547.33,Last Value (Naive),91.2217,223.4465,100.0,100.0,Very Low
Maryland,2018-06-01,2018,6,June,0.0,362.95,-362.95,362.95,Six Month Moving Average,1221.865,1962.3391,203.4858,96.1295,Very Low
Maryland,2018-07-01,2018,7,July,89.95,362.95,-273.0,273.0,Six Month Moving Average,1221.865,1962.3391,203.4858,96.1295,Very Low
Maryland,2018-08-01,2018,8,August,2411.8,362.95,2048.8500000000004,2048.8500000000004,Six Month Moving Average,1221.865,1962.3391,203.4858,96.1295,Very Low
Maryland,2018-09-01,2018,9,September,390.49,362.95,27.54000000000002,27.54000000000002,Six Month Moving Average,1221.865,1962.3391,203.4858,96.1295,Very Low
Maryland,2018-10-01,2018,10,October,57.64,362.95,-305.31,305.31,Six Month Moving Average,1221.865,1962.3391,203.4858,96.1295,Very Low
Maryland,2018-11-01,2018,11,November,4676.49,362.95,4313.54,4313.54,Six Month Moving Average,1221.865,1962.3391,203.4858,96.1295,Very Low
Massachusetts,2018-07-01,2018,7,July,328.53999999999996,532.1073846153846,-203.56738461538464,203.56738461538464,Historical Average,1073.2543,1401.5883,126.405,81.6966,Very Low
Massachusetts,2018-08-01,2018,8,August,1959.324,532.1073846153846,1427.2166153846156,1427.2166153846156,Historical Average,1073.2543,1401.5883,126.405,81.6966,Very Low
Massachusetts,2018-09-01,2018,9,September,1926.4,532.1073846153846,1394.2926153846156,1394.2926153846156,Historical Average,1073.2543,1401.5883,126.405,81.6966,Very Low
Massachusetts,2018-10-01,2018,10,October,111.19,532.1073846153846,-420.9173846153846,420.9173846153846,Historical Average,1073.2543,1401.5883,126.405,81.6966,Very Low
Massachusetts,2018-11-01,2018,11,November,281.63,532.1073846153846,-250.4773846153846,250.4773846153846,Historical Average,1073.2543,1401.5883,126.405,81.6966,Very Low
Massachusetts,2018-12-01,2018,12,December,3275.162,532.1073846153846,2743.0546153846153,2743.0546153846153,Historical Average,1073.2543,1401.5883,126.405,81.6966,Very Low
Michigan,2018-07-01,2018,7,July,0.0,1184.86,-1184.86,1184.86,Last Value (Naive),1542.66,1877.5849,498.4803,94.7945,Very Low
Michigan,2018-08-01,2018,8,August,53.72,1184.86,-1131.1399999999999,1131.1399999999999,Last Value (Naive),1542.66,1877.5849,498.4803,94.7945,Very Low
Michigan,2018-09-01,2018,9,September,4285.43,1184.86,3100.5700000000006,3100.5700000000006,Last Value (Naive),1542.66,1877.5849,498.4803,94.7945,Very Low
Michigan,2018-10-01,2018,10,October,361.17,1184.86,-823.6899999999998,823.6899999999998,Last Value (Naive),1542.66,1877.5849,498.4803,94.7945,Very Low
Michigan,2018-11-01,2018,11,November,1024.11,1184.86,-160.75,160.75,Last Value (Naive),1542.66,1877.5849,498.4803,94.7945,Very Low
Michigan,2018-12-01,2018,12,December,4039.81,1184.86,2854.95,2854.95,Last Value (Naive),1542.66,1877.5849,498.4803,94.7945,Very Low
Minnesota,2018-07-01,2018,7,July,735.98,603.2815,132.69849999999997,132.69849999999997,Historical Average,635.7745,737.2112,114.8574,66.5513,Very Low
Minnesota,2018-08-01,2018,8,August,201.88,603.2815,-401.40150000000006,401.40150000000006,Historical Average,635.7745,737.2112,114.8574,66.5513,Very Low
Minnesota,2018-09-01,2018,9,September,1630.21,603.2815,1026.9285,1026.9285,Historical Average,635.7745,737.2112,114.8574,66.5513,Very Low
Minnesota,2018-10-01,2018,10,October,1820.13,603.2815,1216.8485,1216.8485,Historical Average,635.7745,737.2112,114.8574,66.5513,Very Low
Minnesota,2018-11-01,2018,11,November,153.46,603.2815,-449.8215,449.8215,Historical Average,635.7745,737.2112,114.8574,66.5513,Very Low
Minnesota,2018-12-01,2018,12,December,1190.23,603.2815,586.9485,586.9485,Historical Average,635.7745,737.2112,114.8574,66.5513,Very Low
Mississippi,2018-07-01,2018,7,July,0.0,147.99,-147.99,147.99,Six Month Moving Average,347.6567,484.1185,337.7029,98.8925,Very Low
Mississippi,2018-08-01,2018,8,August,866.4,147.99,718.41,718.41,Six Month Moving Average,347.6567,484.1185,337.7029,98.8925,Very Low
Mississippi,2018-09-01,2018,9,September,0.0,147.99,-147.99,147.99,Six Month Moving Average,347.6567,484.1185,337.7029,98.8925,Very Low
Mississippi,2018-10-01,2018,10,October,11.68,147.99,-136.31,136.31,Six Month Moving Average,347.6567,484.1185,337.7029,98.8925,Very Low
Mississippi,2018-11-01,2018,11,November,173.8,147.99,25.810000000000002,25.810000000000002,Six Month Moving Average,347.6567,484.1185,337.7029,98.8925,Very Low
Mississippi,2018-12-01,2018,12,December,1057.42,147.99,909.4300000000001,909.4300000000001,Six Month Moving Average,347.6567,484.1185,337.7029,98.8925,Very Low
Missouri,2018-07-01,2018,7,July,0.0,0.0,0.0,0.0,Last Value (Naive),622.5183,1134.2436,100.0,100.0,Very Low
Missouri,2018-08-01,2018,8,August,0.0,0.0,0.0,0.0,Last Value (Naive),622.5183,1134.2436,100.0,100.0,Very Low
Missouri,2018-09-01,2018,9,September,2635.6800000000003,0.0,2635.6800000000003,2635.6800000000003,Last Value (Naive),622.5183,1134.2436,100.0,100.0,Very Low
Missouri,2018-10-01,2018,10,October,0.0,0.0,0.0,0.0,Last Value (Naive),622.5183,1134.2436,100.0,100.0,Very Low
Missouri,2018-11-01,2018,11,November,260.0,0.0,260.0,260.0,Last Value (Naive),622.5183,1134.2436,100.0,100.0,Very Low
Missouri,2018-12-01,2018,12,December,839.43,0.0,839.43,839.43,Last Value (Naive),622.5183,1134.2436,100.0,100.0,Very Low
Montana,2018-04-01,2018,4,April,0.0,0.0,0.0,0.0,Last Value (Naive),6.65,16.2891,100.0,100.0,Very Low
Montana,2018-05-01,2018,5,May,0.0,0.0,0.0,0.0,Last Value (Naive),6.65,16.2891,100.0,100.0,Very Low
Montana,2018-06-01,2018,6,June,0.0,0.0,0.0,0.0,Last Value (Naive),6.65,16.2891,100.0,100.0,Very Low
Montana,2018-07-01,2018,7,July,0.0,0.0,0.0,0.0,Last Value (Naive),6.65,16.2891,100.0,100.0,Very Low
Montana,2018-08-01,2018,8,August,0.0,0.0,0.0,0.0,Last Value (Naive),6.65,16.2891,100.0,100.0,Very Low
Montana,2018-09-01,2018,9,September,39.9,0.0,39.9,39.9,Last Value (Naive),6.65,16.2891,100.0,100.0,Very Low
Nebraska,2018-07-01,2018,7,July,79.96,73.97,5.989999999999995,5.989999999999995,Last Value (Naive),574.985,1310.2623,124.5399,99.0832,Very Low
Nebraska,2018-08-01,2018,8,August,0.0,73.97,-73.97,73.97,Last Value (Naive),574.985,1310.2623,124.5399,99.0832,Very Low
Nebraska,2018-09-01,2018,9,September,15.96,73.97,-58.01,58.01,Last Value (Naive),574.985,1310.2623,124.5399,99.0832,Very Low
Nebraska,2018-10-01,2018,10,October,104.85,73.97,30.879999999999995,30.879999999999995,Last Value (Naive),574.985,1310.2623,124.5399,99.0832,Very Low
Nebraska,2018-11-01,2018,11,November,0.0,73.97,-73.97,73.97,Last Value (Naive),574.985,1310.2623,124.5399,99.0832,Very Low
Nebraska,2018-12-01,2018,12,December,3281.06,73.97,3207.09,3207.09,Last Value (Naive),574.985,1310.2623,124.5399,99.0832,Very Low
Nevada,2018-07-01,2018,7,July,0.0,75.792,-75.792,75.792,Last Value (Naive),328.7947,654.3376,95.4605,118.1581,Very Low
Nevada,2018-08-01,2018,8,August,0.0,75.792,-75.792,75.792,Last Value (Naive),328.7947,654.3376,95.4605,118.1581,Very Low
Nevada,2018-09-01,2018,9,September,0.0,75.792,-75.792,75.792,Last Value (Naive),328.7947,654.3376,95.4605,118.1581,Very Low
Nevada,2018-10-01,2018,10,October,0.0,75.792,-75.792,75.792,Last Value (Naive),328.7947,654.3376,95.4605,118.1581,Very Low
Nevada,2018-11-01,2018,11,November,0.0,75.792,-75.792,75.792,Last Value (Naive),328.7947,654.3376,95.4605,118.1581,Very Low
Nevada,2018-12-01,2018,12,December,1669.6,75.792,1593.808,1593.808,Last Value (Naive),328.7947,654.3376,95.4605,118.1581,Very Low
New Hampshire,2018-04-01,2018,4,April,0.0,156.64918072966898,-156.64918072966898,156.64918072966898,Holt Linear Trend,241.8842,390.8382,65.4696,96.1492,Very Low
New Hampshire,2018-05-01,2018,5,May,247.44,156.17254645398313,91.26745354601687,91.26745354601687,Holt Linear Trend,241.8842,390.8382,65.4696,96.1492,Very Low
New Hampshire,2018-06-01,2018,6,June,0.0,155.69591217829725,-155.69591217829725,155.69591217829725,Holt Linear Trend,241.8842,390.8382,65.4696,96.1492,Very Low
New Hampshire,2018-07-01,2018,7,July,102.3,155.2192779026114,-52.9192779026114,52.9192779026114,Holt Linear Trend,241.8842,390.8382,65.4696,96.1492,Very Low
New Hampshire,2018-08-01,2018,8,August,1077.47,154.74264362692554,922.7273563730745,922.7273563730745,Holt Linear Trend,241.8842,390.8382,65.4696,96.1492,Very Low
New Hampshire,2018-09-01,2018,9,September,82.22,154.2660093512397,-72.04600935123969,72.04600935123969,Holt Linear Trend,241.8842,390.8382,65.4696,96.1492,Very Low
New Jersey,2018-07-01,2018,7,July,6.48,716.4456585365854,-709.9656585365854,709.9656585365854,Historical Average,822.59,925.1406,2199.238,94.249,Very Low
New Jersey,2018-08-01,2018,8,August,97.84,716.4456585365854,-618.6056585365853,618.6056585365853,Historical Average,822.59,925.1406,2199.238,94.249,Very Low
New Jersey,2018-09-01,2018,9,September,1623.26,716.4456585365854,906.8143414634146,906.8143414634146,Historical Average,822.59,925.1406,2199.238,94.249,Very Low
New Jersey,2018-10-01,2018,10,October,2408.46,716.4456585365854,1692.0143414634147,1692.0143414634147,Historical Average,822.59,925.1406,2199.238,94.249,Very Low
New Jersey,2018-11-01,2018,11,November,46.26,716.4456585365854,-670.1856585365854,670.1856585365854,Historical Average,822.59,925.1406,2199.238,94.249,Very Low
New Jersey,2018-12-01,2018,12,December,1054.4,716.4456585365854,337.9543414634147,337.9543414634147,Historical Average,822.59,925.1406,2199.238,94.249,Very Low
New Mexico,2018-07-01,2018,7,July,545.85,228.28,317.57000000000005,317.57000000000005,Last Value (Naive),188.3787,245.5011,42.1871,62.4393,Very Low
New Mexico,2018-08-01,2018,8,August,0.0,228.28,-228.28,228.28,Last Value (Naive),188.3787,245.5011,42.1871,62.4393,Very Low
New Mexico,2018-09-01,2018,9,September,138.6,228.28,-89.68,89.68,Last Value (Naive),188.3787,245.5011,42.1871,62.4393,Very Low
New Mexico,2018-10-01,2018,10,October,674.872,228.28,446.592,446.592,Last Value (Naive),188.3787,245.5011,42.1871,62.4393,Very Low
New Mexico,2018-11-01,2018,11,November,201.36,228.28,-26.919999999999987,26.919999999999987,Last Value (Naive),188.3787,245.5011,42.1871,62.4393,Very Low
New Mexico,2018-12-01,2018,12,December,249.51,228.28,21.22999999999999,21.22999999999999,Last Value (Naive),188.3787,245.5011,42.1871,62.4393,Very Low
New York,2018-07-01,2018,7,July,2384.2999999999997,10262.72,-7878.42,7878.42,Last Value (Naive),6980.6332,7951.6992,94.9625,57.0605,Very Low
New York,2018-08-01,2018,8,August,6669.652,10262.72,-3593.0679999999993,3593.0679999999993,Last Value (Naive),6980.6332,7951.6992,94.9625,57.0605,Very Low
New York,2018-09-01,2018,9,September,14737.803,10262.72,4475.0830000000005,4475.0830000000005,Last Value (Naive),6980.6332,7951.6992,94.9625,57.0605,Very Low
New York,2018-10-01,2018,10,October,24715.084000000003,10262.72,14452.364000000003,14452.364000000003,Last Value (Naive),6980.6332,7951.6992,94.9625,57.0605,Very Low
New York,2018-11-01,2018,11,November,18190.242,10262.72,7927.521999999999,7927.521999999999,Last Value (Naive),6980.6332,7951.6992,94.9625,57.0605,Very Low
New York,2018-12-01,2018,12,December,6705.378000000001,10262.72,-3557.3419999999987,3557.3419999999987,Last Value (Naive),6980.6332,7951.6992,94.9625,57.0605,Very Low
North Carolina,2018-07-01,2018,7,July,94.768,993.3063161407351,-898.5383161407351,898.5383161407351,Holt Linear Trend,2824.5709,5385.9156,289.843,88.9291,Very Low
North Carolina,2018-08-01,2018,8,August,809.616,997.7251293660551,-188.10912936605507,188.10912936605507,Holt Linear Trend,2824.5709,5385.9156,289.843,88.9291,Very Low
North Carolina,2018-09-01,2018,9,September,1033.056,1002.1439425913749,30.912057408625174,30.912057408625174,Holt Linear Trend,2824.5709,5385.9156,289.843,88.9291,Very Low
North Carolina,2018-10-01,2018,10,October,2982.606,1006.5627558166948,1976.0432441833054,1976.0432441833054,Holt Linear Trend,2824.5709,5385.9156,289.843,88.9291,Very Low
North Carolina,2018-11-01,2018,11,November,13993.298,1010.9815690420146,12982.316430957986,12982.316430957986,Holt Linear Trend,2824.5709,5385.9156,289.843,88.9291,Very Low
North Carolina,2018-12-01,2018,12,December,143.894,1015.4003822673344,-871.5063822673344,871.5063822673344,Holt Linear Trend,2824.5709,5385.9156,289.843,88.9291,Very Low
Ohio,2018-07-01,2018,7,July,3437.14,2178.1261773645474,1259.0138226354525,1259.0138226354525,Holt Linear Trend,1175.4891,1321.6043,72.3822,47.9701,Very Low
Ohio,2018-08-01,2018,8,August,703.0300000000001,2212.516984564418,-1509.486984564418,1509.486984564418,Holt Linear Trend,1175.4891,1321.6043,72.3822,47.9701,Very Low
Ohio,2018-09-01,2018,9,September,2865.638,2246.9077917642885,618.7302082357114,618.7302082357114,Holt Linear Trend,1175.4891,1321.6043,72.3822,47.9701,Very Low
Ohio,2018-10-01,2018,10,October,1167.508,2281.2985989641593,-1113.7905989641592,1113.7905989641592,Holt Linear Trend,1175.4891,1321.6043,72.3822,47.9701,Very Low
Ohio,2018-11-01,2018,11,November,4523.492,2315.6894061640296,2207.8025938359706,2207.8025938359706,Holt Linear Trend,1175.4891,1321.6043,72.3822,47.9701,Very Low
Ohio,2018-12-01,2018,12,December,2005.97,2350.0802133639004,-344.11021336390036,344.11021336390036,Holt Linear Trend,1175.4891,1321.6043,72.3822,47.9701,Very Low
Oklahoma,2018-07-01,2018,7,July,935.74,159.1,776.64,776.64,Three Month Moving Average,583.2133,944.6848,382.3449,97.2779,Very Low
Oklahoma,2018-08-01,2018,8,August,0.0,159.1,-159.1,159.1,Three Month Moving Average,583.2133,944.6848,382.3449,97.2779,Very Low
Oklahoma,2018-09-01,2018,9,September,291.96,159.1,132.85999999999999,132.85999999999999,Three Month Moving Average,583.2133,944.6848,382.3449,97.2779,Very Low
Oklahoma,2018-10-01,2018,10,October,2320.54,159.1,2161.44,2161.44,Three Month Moving Average,583.2133,944.6848,382.3449,97.2779,Very Low
Oklahoma,2018-11-01,2018,11,November,38.16,159.1,-120.94,120.94,Three Month Moving Average,583.2133,944.6848,382.3449,97.2779,Very Low
Oklahoma,2018-12-01,2018,12,December,10.8,159.1,-148.29999999999998,148.29999999999998,Three Month Moving Average,583.2133,944.6848,382.3449,97.2779,Very Low
Oregon,2018-06-01,2018,6,June,87.688,183.48266666666666,-95.79466666666666,95.79466666666666,Three Month Moving Average,409.0437,548.1305,3423.9678,105.0561,Very Low
Oregon,2018-07-01,2018,7,July,1.08,183.48266666666666,-182.40266666666665,182.40266666666665,Three Month Moving Average,409.0437,548.1305,3423.9678,105.0561,Very Low
Oregon,2018-08-01,2018,8,August,6.208,183.48266666666666,-177.27466666666666,177.27466666666666,Three Month Moving Average,409.0437,548.1305,3423.9678,105.0561,Very Low
Oregon,2018-09-01,2018,9,September,1147.814,183.48266666666666,964.3313333333334,964.3313333333334,Three Month Moving Average,409.0437,548.1305,3423.9678,105.0561,Very Low
Oregon,2018-10-01,2018,10,October,1063.9070000000002,183.48266666666666,880.4243333333335,880.4243333333335,Three Month Moving Average,409.0437,548.1305,3423.9678,105.0561,Very Low
Oregon,2018-11-01,2018,11,November,29.448000000000004,183.48266666666666,-154.03466666666665,154.03466666666665,Three Month Moving Average,409.0437,548.1305,3423.9678,105.0561,Very Low
Pennsylvania,2018-07-01,2018,7,July,3194.5,2748.8204416577,445.67955834229997,445.67955834229997,Holt Linear Trend,2830.2514,3724.792,43.4325,53.0101,Very Low
Pennsylvania,2018-08-01,2018,8,August,7822.83,2783.381525604437,5039.448474395564,5039.448474395564,Holt Linear Trend,2830.2514,3724.792,43.4325,53.0101,Very Low
Pennsylvania,2018-09-01,2018,9,September,9018.123,2817.942609551173,6200.180390448826,6200.180390448826,Holt Linear Trend,2830.2514,3724.792,43.4325,53.0101,Very Low
Pennsylvania,2018-10-01,2018,10,October,1873.304,2852.50369349791,-979.1996934979097,979.1996934979097,Holt Linear Trend,2830.2514,3724.792,43.4325,53.0101,Very Low
Pennsylvania,2018-11-01,2018,11,November,7158.675,2887.064777444646,4271.610222555354,4271.610222555354,Holt Linear Trend,2830.2514,3724.792,43.4325,53.0101,Very Low
Pennsylvania,2018-12-01,2018,12,December,2967.016,2921.625861391383,45.390138608617235,45.390138608617235,Holt Linear Trend,2830.2514,3724.792,43.4325,53.0101,Very Low
Rhode Island,2018-07-01,2018,7,July,252.0,223.45343717688058,28.546562823119416,28.546562823119416,Holt Linear Trend,487.6126,770.2045,50.2099,91.8712,Very Low
Rhode Island,2018-08-01,2018,8,August,0.0,186.3176941979846,-186.3176941979846,186.3176941979846,Holt Linear Trend,487.6126,770.2045,50.2099,91.8712,Very Low
Rhode Island,2018-09-01,2018,9,September,148.0,149.1819512190886,-1.181951219088603,1.181951219088603,Holt Linear Trend,487.6126,770.2045,50.2099,91.8712,Very Low
Rhode Island,2018-10-01,2018,10,October,1275.66,112.04620824019258,1163.6137917598076,1163.6137917598076,Holt Linear Trend,487.6126,770.2045,50.2099,91.8712,Very Low
Rhode Island,2018-11-01,2018,11,November,0.0,74.91046526129657,-74.91046526129657,74.91046526129657,Holt Linear Trend,487.6126,770.2045,50.2099,91.8712,Very Low
Rhode Island,2018-12-01,2018,12,December,1508.88,37.774722282400575,1471.1052777175996,1471.1052777175996,Holt Linear Trend,487.6126,770.2045,50.2099,91.8712,Very Low
South Carolina,2018-07-01,2018,7,July,0.0,0.0,0.0,0.0,Last Value (Naive),188.4733,325.749,100.0,100.0,Very Low
South Carolina,2018-08-01,2018,8,August,0.0,0.0,0.0,0.0,Last Value (Naive),188.4733,325.749,100.0,100.0,Very Low
South Carolina,2018-09-01,2018,9,September,685.26,0.0,685.26,685.26,Last Value (Naive),188.4733,325.749,100.0,100.0,Very Low
South Carolina,2018-10-01,2018,10,October,0.0,0.0,0.0,0.0,Last Value (Naive),188.4733,325.749,100.0,100.0,Very Low
South Carolina,2018-11-01,2018,11,November,406.93999999999994,0.0,406.93999999999994,406.93999999999994,Last Value (Naive),188.4733,325.749,100.0,100.0,Very Low
South Carolina,2018-12-01,2018,12,December,38.64,0.0,38.64,38.64,Last Value (Naive),188.4733,325.749,100.0,100.0,Very Low
South Dakota,2018-06-01,2018,6,June,0.0,0.0,0.0,0.0,Last Value (Naive),192.235,460.585,100.0,100.0,Very Low
South Dakota,2018-07-01,2018,7,July,1127.91,0.0,1127.91,1127.91,Last Value (Naive),192.235,460.585,100.0,100.0,Very Low
South Dakota,2018-08-01,2018,8,August,0.0,0.0,0.0,0.0,Last Value (Naive),192.235,460.585,100.0,100.0,Very Low
South Dakota,2018-09-01,2018,9,September,0.0,0.0,0.0,0.0,Last Value (Naive),192.235,460.585,100.0,100.0,Very Low
South Dakota,2018-10-01,2018,10,October,0.0,0.0,0.0,0.0,Last Value (Naive),192.235,460.585,100.0,100.0,Very Low
South Dakota,2018-11-01,2018,11,November,25.5,0.0,25.5,25.5,Last Value (Naive),192.235,460.585,100.0,100.0,Very Low
Tennessee,2018-07-01,2018,7,July,0.0,1339.3213333333335,-1339.3213333333335,1339.3213333333335,Three Month Moving Average,1164.4164,1470.2183,39.7869,58.6304,Very Low
Tennessee,2018-08-01,2018,8,August,2481.826,1339.3213333333335,1142.5046666666665,1142.5046666666665,Three Month Moving Average,1164.4164,1470.2183,39.7869,58.6304,Very Low
Tennessee,2018-09-01,2018,9,September,1125.512,1339.3213333333335,-213.8093333333336,213.8093333333336,Three Month Moving Average,1164.4164,1470.2183,39.7869,58.6304,Very Low
Tennessee,2018-10-01,2018,10,October,4331.458,1339.3213333333335,2992.1366666666663,2992.1366666666663,Three Month Moving Average,1164.4164,1470.2183,39.7869,58.6304,Very Low
Tennessee,2018-11-01,2018,11,November,1869.917,1339.3213333333335,530.5956666666664,530.5956666666664,Three Month Moving Average,1164.4164,1470.2183,39.7869,58.6304,Very Low
Tennessee,2018-12-01,2018,12,December,2107.452,1339.3213333333335,768.1306666666667,768.1306666666667,Three Month Moving Average,1164.4164,1470.2183,39.7869,58.6304,Very Low
Texas,2018-07-01,2018,7,July,2154.79,3793.618776445437,-1638.8287764454371,1638.8287764454371,Holt Linear Trend,1403.2429,1892.2913,38.9761,35.8687,Very Low
Texas,2018-08-01,2018,8,August,2566.792,3874.619965087456,-1307.827965087456,1307.827965087456,Holt Linear Trend,1403.2429,1892.2913,38.9761,35.8687,Very Low
Texas,2018-09-01,2018,9,September,3939.966,3955.621153729475,-15.655153729474932,15.655153729474932,Holt Linear Trend,1403.2429,1892.2913,38.9761,35.8687,Very Low
Texas,2018-10-01,2018,10,October,4143.6502,4036.6223423714937,107.02785762850635,107.02785762850635,Holt Linear Trend,1403.2429,1892.2913,38.9761,35.8687,Very Low
Texas,2018-11-01,2018,11,November,7968.447,4117.623531013513,3850.8234689864876,3850.8234689864876,Holt Linear Trend,1403.2429,1892.2913,38.9761,35.8687,Very Low
Texas,2018-12-01,2018,12,December,2699.3308,4198.624719655531,-1499.2939196555312,1499.2939196555312,Holt Linear Trend,1403.2429,1892.2913,38.9761,35.8687,Very Low
Utah,2018-06-01,2018,6,June,0.0,77.46608831344369,-77.46608831344369,77.46608831344369,Holt Linear Trend,396.0547,888.2733,117.079,96.5737,Very Low
Utah,2018-07-01,2018,7,July,97.91799999999999,70.10945196934975,27.808548030650243,27.808548030650243,Holt Linear Trend,396.0547,888.2733,117.079,96.5737,Very Low
Utah,2018-08-01,2018,8,August,102.72,62.75281562525582,39.96718437474418,39.96718437474418,Holt Linear Trend,396.0547,888.2733,117.079,96.5737,Very Low
Utah,2018-09-01,2018,9,September,2228.88,55.39617928116188,2173.483820718838,2173.483820718838,Holt Linear Trend,396.0547,888.2733,117.079,96.5737,Very Low
Utah,2018-10-01,2018,10,October,11.68,48.039542937067935,-36.359542937067935,36.359542937067935,Holt Linear Trend,396.0547,888.2733,117.079,96.5737,Very Low
Utah,2018-11-01,2018,11,November,19.44,40.682906592974,-21.242906592974,21.242906592974,Holt Linear Trend,396.0547,888.2733,117.079,96.5737,Very Low
Vermont,2018-07-01,2018,7,July,0.0,0.0,0.0,0.0,Last Value (Naive),34.1717,83.7031,100.0,100.0,Very Low
Vermont,2018-08-01,2018,8,August,0.0,0.0,0.0,0.0,Last Value (Naive),34.1717,83.7031,100.0,100.0,Very Low
Vermont,2018-09-01,2018,9,September,0.0,0.0,0.0,0.0,Last Value (Naive),34.1717,83.7031,100.0,100.0,Very Low
Vermont,2018-10-01,2018,10,October,0.0,0.0,0.0,0.0,Last Value (Naive),34.1717,83.7031,100.0,100.0,Very Low
Vermont,2018-11-01,2018,11,November,0.0,0.0,0.0,0.0,Last Value (Naive),34.1717,83.7031,100.0,100.0,Very Low
Vermont,2018-12-01,2018,12,December,205.03,0.0,205.03,205.03,Last Value (Naive),34.1717,83.7031,100.0,100.0,Very Low
Virginia,2018-07-01,2018,7,July,2017.82,493.27666666666664,1524.5433333333333,1524.5433333333333,Three Month Moving Average,693.4083,884.7397,145.1331,86.1628,Very Low
Virginia,2018-08-01,2018,8,August,0.0,493.27666666666664,-493.27666666666664,493.27666666666664,Three Month Moving Average,693.4083,884.7397,145.1331,86.1628,Very Low
Virginia,2018-09-01,2018,9,September,245.45000000000002,493.27666666666664,-247.82666666666663,247.82666666666663,Three Month Moving Average,693.4083,884.7397,145.1331,86.1628,Very Low
Virginia,2018-10-01,2018,10,October,608.4300000000001,493.27666666666664,115.15333333333342,115.15333333333342,Three Month Moving Average,693.4083,884.7397,145.1331,86.1628,Very Low
Virginia,2018-11-01,2018,11,November,88.62,493.27666666666664,-404.65666666666664,404.65666666666664,Three Month Moving Average,693.4083,884.7397,145.1331,86.1628,Very Low
Virginia,2018-12-01,2018,12,December,1868.27,493.27666666666664,1374.9933333333333,1374.9933333333333,Three Month Moving Average,693.4083,884.7397,145.1331,86.1628,Very Low
Washington,2018-07-01,2018,7,July,5899.936,4678.724666666667,1221.2113333333327,1221.2113333333327,Six Month Moving Average,3194.4387,4044.3213,59.5457,51.1553,Very Low
Washington,2018-08-01,2018,8,August,10587.796,4678.724666666667,5909.071333333333,5909.071333333333,Six Month Moving Average,3194.4387,4044.3213,59.5457,51.1553,Very Low
Washington,2018-09-01,2018,9,September,3969.276,4678.724666666667,-709.4486666666671,709.4486666666671,Six Month Moving Average,3194.4387,4044.3213,59.5457,51.1553,Very Low
Washington,2018-10-01,2018,10,October,1761.3600000000001,4678.724666666667,-2917.364666666667,2917.364666666667,Six Month Moving Average,3194.4387,4044.3213,59.5457,51.1553,Very Low
Washington,2018-11-01,2018,11,November,11829.358,4678.724666666667,7150.633333333333,7150.633333333333,Six Month Moving Average,3194.4387,4044.3213,59.5457,51.1553,Very Low
Washington,2018-12-01,2018,12,December,3419.822,4678.724666666667,-1258.9026666666668,1258.9026666666668,Six Month Moving Average,3194.4387,4044.3213,59.5457,51.1553,Very Low
Wisconsin,2018-07-01,2018,7,July,573.35,335.8633333333333,237.48666666666674,237.48666666666674,Six Month Moving Average,422.0506,695.0186,134.5985,71.2865,Very Low
Wisconsin,2018-08-01,2018,8,August,113.41,335.8633333333333,-222.4533333333333,222.4533333333333,Six Month Moving Average,422.0506,695.0186,134.5985,71.2865,Very Low
Wisconsin,2018-09-01,2018,9,September,474.21,335.8633333333333,138.3466666666667,138.3466666666667,Six Month Moving Average,422.0506,695.0186,134.5985,71.2865,Very Low
Wisconsin,2018-10-01,2018,10,October,60.72,335.8633333333333,-275.1433333333333,275.1433333333333,Six Month Moving Average,422.0506,695.0186,134.5985,71.2865,Very Low
Wisconsin,2018-11-01,2018,11,November,352.39,335.8633333333333,16.5266666666667,16.5266666666667,Six Month Moving Average,422.0506,695.0186,134.5985,71.2865,Very Low
Wisconsin,2018-12-01,2018,12,December,1978.21,335.8633333333333,1642.3466666666668,1642.3466666666668,Six Month Moving Average,422.0506,695.0186,134.5985,71.2865,Very Low
