State,Model,MAE,RMSE,MAPE,WAPE,Forecast Reliability,Is Best Model,Training Months,Testing Months,Training Start,Training End,Testing Start,Testing End
Alabama,Historical Average,431.3356,440.8097,1554.9996,213.6523,Very Low,False,39,6,2015-04-01,2018-06-01,2018-07-01,2018-12-01
Alabama,Last Value (Naive),203.9133,396.6287,83.7947,101.0039,Very Low,True,39,6,2015-04-01,2018-06-01,2018-07-01,2018-12-01
Alabama,Three Month Moving Average,260.7844,350.8214,613.9291,129.1737,Very Low,False,39,6,2015-04-01,2018-06-01,2018-07-01,2018-12-01
Alabama,Six Month Moving Average,232.7739,364.23,352.8236,115.2993,Very Low,False,39,6,2015-04-01,2018-06-01,2018-07-01,2018-12-01
Alabama,Simple Exponential Smoothing,431.334,440.8083,1554.9918,213.6516,Very Low,False,39,6,2015-04-01,2018-06-01,2018-07-01,2018-12-01
Alabama,Holt Linear Trend,412.4466,424.7456,1451.099,204.2961,Very Low,False,39,6,2015-04-01,2018-06-01,2018-07-01,2018-12-01
Alabama,Holt Damped Trend,423.8482,434.0912,1516.9693,209.9436,Very Low,False,39,6,2015-04-01,2018-06-01,2018-07-01,2018-12-01
Arizona,Historical Average,808.1071,1148.7387,69.7879,62.0324,Very Low,False,42,6,2015-01-01,2018-06-01,2018-07-01,2018-12-01
Arizona,Last Value (Naive),714.2453,1016.5609,85.4903,54.8273,Very Low,True,42,6,2015-01-01,2018-06-01,2018-07-01,2018-12-01
Arizona,Three Month Moving Average,767.7952,1085.0128,76.5318,58.938,Very Low,False,42,6,2015-01-01,2018-06-01,2018-07-01,2018-12-01
Arizona,Six Month Moving Average,860.6493,1209.5507,67.1118,66.0657,Very Low,False,42,6,2015-01-01,2018-06-01,2018-07-01,2018-12-01
Arizona,Simple Exponential Smoothing,808.1071,1148.7388,69.7879,62.0324,Very Low,False,42,6,2015-01-01,2018-06-01,2018-07-01,2018-12-01
Arizona,Holt Linear Trend,988.4203,1340.724,69.5986,75.8737,Very Low,False,42,6,2015-01-01,2018-06-01,2018-07-01,2018-12-01
Arizona,Holt Damped Trend,783.0271,1107.9722,73.9821,60.1072,Very Low,False,42,6,2015-01-01,2018-06-01,2018-07-01,2018-12-01
Arkansas,Historical Average,421.7983,571.4247,1287.9976,101.2029,Very Low,False,42,6,2015-01-01,2018-06-01,2018-07-01,2018-12-01
Arkansas,Last Value (Naive),415.3517,613.7695,713.7784,99.6561,Very Low,True,42,6,2015-01-01,2018-06-01,2018-07-01,2018-12-01
Arkansas,Three Month Moving Average,415.3517,646.3244,363.2471,99.6561,Very Low,False,42,6,2015-01-01,2018-06-01,2018-07-01,2018-12-01
Arkansas,Six Month Moving Average,415.3517,658.3039,244.632,99.6561,Very Low,False,42,6,2015-01-01,2018-06-01,2018-07-01,2018-12-01
Arkansas,Simple Exponential Smoothing,415.3517,607.5125,787.4609,99.6561,Very Low,False,42,6,2015-01-01,2018-06-01,2018-07-01,2018-12-01
Arkansas,Holt Linear Trend,416.785,678.9131,100.0,100.0,Very Low,False,42,6,2015-01-01,2018-06-01,2018-07-01,2018-12-01
Arkansas,Holt Damped Trend,415.392,616.255,685.1952,99.6658,Very Low,False,42,6,2015-01-01,2018-06-01,2018-07-01,2018-12-01
California,Historical Average,7274.0191,7645.3935,45.2568,46.4413,Very Low,False,42,6,2015-01-01,2018-06-01,2018-07-01,2018-12-01
California,Last Value (Naive),6650.7325,7054.9934,41.1894,42.4619,Very Low,False,42,6,2015-01-01,2018-06-01,2018-07-01,2018-12-01
California,Three Month Moving Average,6425.9888,6843.5386,39.7228,41.027,Very Low,False,42,6,2015-01-01,2018-06-01,2018-07-01,2018-12-01
California,Six Month Moving Average,7214.5079,7588.7952,44.8685,46.0614,Very Low,False,42,6,2015-01-01,2018-06-01,2018-07-01,2018-12-01
California,Simple Exponential Smoothing,6090.8452,6529.861,37.5357,38.8873,Very Low,False,42,6,2015-01-01,2018-06-01,2018-07-01,2018-12-01
California,Holt Linear Trend,3003.7766,3718.4158,17.5552,19.1778,Moderate,True,42,6,2015-01-01,2018-06-01,2018-07-01,2018-12-01
California,Holt Damped Trend,5120.9,5623.0466,31.2353,32.6946,Very Low,False,42,6,2015-01-01,2018-06-01,2018-07-01,2018-12-01
Colorado,Historical Average,808.1982,1218.4825,932.4341,96.7718,Very Low,False,40,6,2015-03-01,2018-06-01,2018-07-01,2018-12-01
Colorado,Last Value (Naive),799.9855,1234.3668,805.3115,95.7884,Very Low,True,40,6,2015-03-01,2018-06-01,2018-07-01,2018-12-01
Colorado,Three Month Moving Average,1054.3664,1239.1779,1576.5389,126.2474,Very Low,False,40,6,2015-03-01,2018-06-01,2018-07-01,2018-12-01
Colorado,Six Month Moving Average,869.5766,1207.3435,1169.4247,104.1211,Very Low,False,40,6,2015-03-01,2018-06-01,2018-07-01,2018-12-01
Colorado,Simple Exponential Smoothing,808.1981,1218.4826,932.4337,96.7718,Very Low,False,40,6,2015-03-01,2018-06-01,2018-07-01,2018-12-01
Colorado,Holt Linear Trend,1013.756,1210.6617,1493.6087,121.3848,Very Low,False,40,6,2015-03-01,2018-06-01,2018-07-01,2018-12-01
Colorado,Holt Damped Trend,854.1702,1207.4423,1128.5026,102.2764,Very Low,False,40,6,2015-03-01,2018-06-01,2018-07-01,2018-12-01
Connecticut,Historical Average,455.7167,605.7924,552.0851,99.0545,Very Low,True,38,6,2015-05-01,2018-06-01,2018-07-01,2018-12-01
Connecticut,Last Value (Naive),578.6467,628.0249,1370.9818,125.7745,Very Low,False,38,6,2015-05-01,2018-06-01,2018-07-01,2018-12-01
Connecticut,Three Month Moving Average,466.7533,585.3527,718.2278,101.4534,Very Low,False,38,6,2015-05-01,2018-06-01,2018-07-01,2018-12-01
Connecticut,Six Month Moving Average,485.1261,579.3751,825.4094,105.4469,Very Low,False,38,6,2015-05-01,2018-06-01,2018-07-01,2018-12-01
Connecticut,Simple Exponential Smoothing,455.7167,605.7925,552.0846,99.0545,Very Low,False,38,6,2015-05-01,2018-06-01,2018-07-01,2018-12-01
Connecticut,Holt Linear Trend,481.7547,577.305,811.5887,104.7141,Very Low,False,38,6,2015-05-01,2018-06-01,2018-07-01,2018-12-01
Connecticut,Holt Damped Trend,478.4651,578.5735,791.5021,103.9991,Very Low,False,38,6,2015-05-01,2018-06-01,2018-07-01,2018-12-01
Delaware,Historical Average,2137.9972,4288.7959,61.8221,100.0,Very Low,False,41,6,2015-01-01,2018-05-01,2018-06-01,2018-11-01
Delaware,Last Value (Naive),2137.9972,4311.5508,67.6553,100.0,Very Low,False,41,6,2015-01-01,2018-05-01,2018-06-01,2018-11-01
Delaware,Three Month Moving Average,2137.9972,4307.517,66.6316,100.0,Very Low,False,41,6,2015-01-01,2018-05-01,2018-06-01,2018-11-01
Delaware,Six Month Moving Average,2137.9972,4375.3552,83.3158,100.0,Very Low,False,41,6,2015-01-01,2018-05-01,2018-06-01,2018-11-01
Delaware,Simple Exponential Smoothing,2137.9972,4288.795,61.8218,100.0,Very Low,True,41,6,2015-01-01,2018-05-01,2018-06-01,2018-11-01
Delaware,Holt Linear Trend,2140.6891,4348.0457,75.5953,100.1259,Very Low,False,41,6,2015-01-01,2018-05-01,2018-06-01,2018-11-01
Delaware,Holt Damped Trend,2139.7917,4270.7417,58.0055,100.0839,Very Low,False,41,6,2015-01-01,2018-05-01,2018-06-01,2018-11-01
Florida,Historical Average,1417.472,1930.3838,93.2162,56.0338,Very Low,False,41,6,2015-02-01,2018-06-01,2018-07-01,2018-12-01
Florida,Last Value (Naive),1700.934,1806.2788,161.8034,67.2393,Very Low,False,41,6,2015-02-01,2018-06-01,2018-07-01,2018-12-01
Florida,Three Month Moving Average,1935.6924,2043.7216,210.4247,76.5195,Very Low,False,41,6,2015-02-01,2018-06-01,2018-07-01,2018-12-01
Florida,Six Month Moving Average,1417.472,1897.2279,97.963,56.0338,Very Low,True,41,6,2015-02-01,2018-06-01,2018-07-01,2018-12-01
Florida,Simple Exponential Smoothing,1417.472,1930.381,93.2166,56.0338,Very Low,False,41,6,2015-02-01,2018-06-01,2018-07-01,2018-12-01
Florida,Holt Linear Trend,1718.6441,1794.9105,154.5828,67.9394,Very Low,False,41,6,2015-02-01,2018-06-01,2018-07-01,2018-12-01
Florida,Holt Damped Trend,1767.1431,2378.4377,71.651,69.8566,Very Low,False,41,6,2015-02-01,2018-06-01,2018-07-01,2018-12-01
Georgia,Historical Average,949.001,980.5724,627.6679,164.9299,Very Low,True,41,6,2015-01-01,2018-05-01,2018-06-01,2018-11-01
Georgia,Last Value (Naive),2570.9533,2702.6981,1934.2628,446.8141,Very Low,False,41,6,2015-01-01,2018-05-01,2018-06-01,2018-11-01
Georgia,Three Month Moving Average,3147.06,3255.5741,2306.7428,546.9375,Very Low,False,41,6,2015-01-01,2018-05-01,2018-06-01,2018-11-01
Georgia,Six Month Moving Average,2044.7067,2208.0764,1594.0197,355.356,Very Low,False,41,6,2015-01-01,2018-05-01,2018-06-01,2018-11-01
Georgia,Simple Exponential Smoothing,1711.1156,1857.2031,1347.6452,297.3802,Very Low,False,41,6,2015-01-01,2018-05-01,2018-06-01,2018-11-01
Georgia,Holt Linear Trend,1758.1124,1936.8674,1419.0169,305.5479,Very Low,False,41,6,2015-01-01,2018-05-01,2018-06-01,2018-11-01
Georgia,Holt Damped Trend,1575.785,1688.6817,1237.4658,273.8606,Very Low,False,41,6,2015-01-01,2018-05-01,2018-06-01,2018-11-01
Idaho,Historical Average,100.4945,115.5084,152.2626,143.8987,Very Low,False,39,6,2015-04-01,2018-06-01,2018-07-01,2018-12-01
Idaho,Last Value (Naive),69.837,131.1823,100.0,100.0,Very Low,True,39,6,2015-04-01,2018-06-01,2018-07-01,2018-12-01
Idaho,Three Month Moving Average,213.7488,230.2239,462.507,306.0681,Very Low,False,39,6,2015-04-01,2018-06-01,2018-07-01,2018-12-01
Idaho,Six Month Moving Average,123.2459,129.1382,214.5868,176.4765,Very Low,False,39,6,2015-04-01,2018-06-01,2018-07-01,2018-12-01
Idaho,Simple Exponential Smoothing,100.4945,115.5084,152.2625,143.8986,Very Low,False,39,6,2015-04-01,2018-06-01,2018-07-01,2018-12-01
Idaho,Holt Linear Trend,156.3615,160.4654,320.8472,223.8949,Very Low,False,39,6,2015-04-01,2018-06-01,2018-07-01,2018-12-01
Idaho,Holt Damped Trend,127.3613,132.3772,226.6427,182.3693,Very Low,False,39,6,2015-04-01,2018-06-01,2018-07-01,2018-12-01
Illinois,Historical Average,1133.202,1482.9611,63.5083,51.0095,Very Low,False,42,6,2015-01-01,2018-06-01,2018-07-01,2018-12-01
Illinois,Last Value (Naive),1386.4257,1473.6114,127.5383,62.408,Very Low,False,42,6,2015-01-01,2018-06-01,2018-07-01,2018-12-01
Illinois,Three Month Moving Average,1133.202,1464.7711,65.2276,51.0095,Very Low,False,42,6,2015-01-01,2018-06-01,2018-07-01,2018-12-01
Illinois,Six Month Moving Average,1133.202,1411.7584,70.9511,51.0095,Very Low,False,42,6,2015-01-01,2018-06-01,2018-07-01,2018-12-01
Illinois,Simple Exponential Smoothing,1133.202,1482.9565,63.5087,51.0095,Very Low,False,42,6,2015-01-01,2018-06-01,2018-07-01,2018-12-01
Illinois,Holt Linear Trend,1116.0925,1326.2986,82.0533,50.2393,Very Low,True,42,6,2015-01-01,2018-06-01,2018-07-01,2018-12-01
Illinois,Holt Damped Trend,1133.1832,1402.9744,72.0477,51.0087,Very Low,False,42,6,2015-01-01,2018-06-01,2018-07-01,2018-12-01
Indiana,Historical Average,1058.8633,1510.7755,37.2733,64.2762,Very Low,False,41,6,2015-02-01,2018-06-01,2018-07-01,2018-12-01
Indiana,Last Value (Naive),1296.3967,1746.0318,61.848,78.6952,Very Low,False,41,6,2015-02-01,2018-06-01,2018-07-01,2018-12-01
Indiana,Three Month Moving Average,1058.8633,1430.0226,40.8733,64.2762,Very Low,False,41,6,2015-02-01,2018-06-01,2018-07-01,2018-12-01
Indiana,Six Month Moving Average,1225.0022,1679.29,54.0871,74.3614,Very Low,False,41,6,2015-02-01,2018-06-01,2018-07-01,2018-12-01
Indiana,Simple Exponential Smoothing,1058.8633,1510.7586,37.2739,64.2762,Very Low,True,41,6,2015-02-01,2018-06-01,2018-07-01,2018-12-01
Indiana,Holt Linear Trend,1389.6314,1499.4236,94.2335,84.3549,Very Low,False,41,6,2015-02-01,2018-06-01,2018-07-01,2018-12-01
Indiana,Holt Damped Trend,1306.3003,1403.7036,81.5974,79.2964,Very Low,False,41,6,2015-02-01,2018-06-01,2018-07-01,2018-12-01
Iowa,Historical Average,85.4689,88.6734,159.2077,383.6414,Very Low,False,40,6,2015-03-01,2018-06-01,2018-07-01,2018-12-01
Iowa,Last Value (Naive),22.2783,32.4709,100.0,100.0,Very Low,True,40,6,2015-03-01,2018-06-01,2018-07-01,2018-12-01
Iowa,Three Month Moving Average,23.985,27.0419,25.9996,107.6607,Very Low,False,40,6,2015-03-01,2018-06-01,2018-07-01,2018-12-01
Iowa,Six Month Moving Average,52.145,57.2463,79.0403,234.0615,Very Low,False,40,6,2015-03-01,2018-06-01,2018-07-01,2018-12-01
Iowa,Simple Exponential Smoothing,85.4683,88.6728,159.2061,383.6385,Very Low,False,40,6,2015-03-01,2018-06-01,2018-07-01,2018-12-01
Iowa,Holt Linear Trend,55.442,60.7971,87.2442,248.8607,Very Low,False,40,6,2015-03-01,2018-06-01,2018-07-01,2018-12-01
Iowa,Holt Damped Trend,44.9523,50.7833,61.7414,201.7757,Very Low,False,40,6,2015-03-01,2018-06-01,2018-07-01,2018-12-01
Kansas,Historical Average,100.4009,136.5574,43.0116,132.9079,Very Low,False,33,6,2015-09-01,2018-05-01,2018-06-01,2018-11-01
Kansas,Last Value (Naive),75.5417,156.0562,100.0,100.0,Very Low,True,33,6,2015-09-01,2018-05-01,2018-06-01,2018-11-01
Kansas,Three Month Moving Average,75.5417,156.0562,100.0,100.0,Very Low,False,33,6,2015-09-01,2018-05-01,2018-06-01,2018-11-01
Kansas,Six Month Moving Average,99.565,136.5981,44.9278,131.8014,Very Low,False,33,6,2015-09-01,2018-05-01,2018-06-01,2018-11-01
Kansas,Simple Exponential Smoothing,76.5762,154.5778,97.6285,101.3694,Very Low,False,33,6,2015-09-01,2018-05-01,2018-06-01,2018-11-01
Kansas,Holt Linear Trend,75.5417,156.0562,100.0,100.0,Very Low,False,33,6,2015-09-01,2018-05-01,2018-06-01,2018-11-01
Kansas,Holt Damped Trend,81.7118,147.9498,86.524,108.1678,Very Low,False,33,6,2015-09-01,2018-05-01,2018-06-01,2018-11-01
Kentucky,Historical Average,1932.9693,2832.0723,84.6534,88.2768,Very Low,False,42,6,2015-01-01,2018-06-01,2018-07-01,2018-12-01
Kentucky,Last Value (Naive),1891.955,2729.3093,96.5566,86.4037,Very Low,True,42,6,2015-01-01,2018-06-01,2018-07-01,2018-12-01
Kentucky,Three Month Moving Average,1943.2628,2850.0054,83.2822,88.7469,Very Low,False,42,6,2015-01-01,2018-06-01,2018-07-01,2018-12-01
Kentucky,Six Month Moving Average,1985.8944,2926.5774,77.6036,90.6938,Very Low,False,42,6,2015-01-01,2018-06-01,2018-07-01,2018-12-01
Kentucky,Simple Exponential Smoothing,1932.9691,2832.0719,84.6534,88.2768,Very Low,False,42,6,2015-01-01,2018-06-01,2018-07-01,2018-12-01
Kentucky,Holt Linear Trend,2048.2135,2991.9009,81.666,93.5399,Very Low,False,42,6,2015-01-01,2018-06-01,2018-07-01,2018-12-01
Kentucky,Holt Damped Trend,1996.1935,2945.5807,76.2383,91.1642,Very Low,False,42,6,2015-01-01,2018-06-01,2018-07-01,2018-12-01
Louisiana,Historical Average,869.755,1211.0192,94.2888,100.0,Very Low,False,42,6,2015-01-01,2018-06-01,2018-07-01,2018-12-01
Louisiana,Last Value (Naive),869.755,1272.7663,100.0,100.0,Very Low,False,42,6,2015-01-01,2018-06-01,2018-07-01,2018-12-01
Louisiana,Three Month Moving Average,869.755,1216.5103,94.8121,100.0,Very Low,True,42,6,2015-01-01,2018-06-01,2018-07-01,2018-12-01
Louisiana,Six Month Moving Average,869.755,1241.0103,97.1081,100.0,Very Low,False,42,6,2015-01-01,2018-06-01,2018-07-01,2018-12-01
Louisiana,Simple Exponential Smoothing,869.755,1211.0192,94.2888,100.0,Very Low,False,42,6,2015-01-01,2018-06-01,2018-07-01,2018-12-01
Louisiana,Holt Linear Trend,869.755,1272.7663,100.0,100.0,Very Low,False,42,6,2015-01-01,2018-06-01,2018-07-01,2018-12-01
Louisiana,Holt Damped Trend,869.7576,1248.695,97.8159,100.0003,Very Low,False,42,6,2015-01-01,2018-06-01,2018-07-01,2018-12-01
Maine,Historical Average,115.3283,211.2788,93.3934,126.4265,Very Low,False,20,6,2015-08-01,2017-03-01,2017-04-01,2017-09-01
Maine,Last Value (Naive),91.2217,223.4465,100.0,100.0,Very Low,True,20,6,2015-08-01,2017-03-01,2017-04-01,2017-09-01
Maine,Three Month Moving Average,91.2217,223.4465,100.0,100.0,Very Low,False,20,6,2015-08-01,2017-03-01,2017-04-01,2017-09-01
Maine,Six Month Moving Average,91.2217,223.4465,100.0,100.0,Very Low,False,20,6,2015-08-01,2017-03-01,2017-04-01,2017-09-01
Maine,Simple Exponential Smoothing,115.3284,211.2788,93.3934,126.4265,Very Low,False,20,6,2015-08-01,2017-03-01,2017-04-01,2017-09-01
Maine,Holt Linear Trend,91.2217,223.4465,100.0,100.0,Very Low,False,20,6,2015-08-01,2017-03-01,2017-04-01,2017-09-01
Maine,Holt Damped Trend,91.2217,223.4465,100.0,100.0,Very Low,False,20,6,2015-08-01,2017-03-01,2017-04-01,2017-09-01
Maryland,Historical Average,1232.7469,1935.2226,237.2561,96.9856,Very Low,False,38,6,2015-04-01,2018-05-01,2018-06-01,2018-11-01
Maryland,Last Value (Naive),1303.095,1852.4919,365.5659,102.5202,Very Low,False,38,6,2015-04-01,2018-05-01,2018-06-01,2018-11-01
Maryland,Three Month Moving Average,1287.9661,1868.5818,337.9719,101.3299,Very Low,False,38,6,2015-04-01,2018-05-01,2018-06-01,2018-11-01
Maryland,Six Month Moving Average,1221.865,1962.3391,203.4858,96.1295,Very Low,True,38,6,2015-04-01,2018-05-01,2018-06-01,2018-11-01
Maryland,Simple Exponential Smoothing,1232.7468,1935.2227,237.2559,96.9856,Very Low,False,38,6,2015-04-01,2018-05-01,2018-06-01,2018-11-01
Maryland,Holt Linear Trend,1245.5057,1915.3813,263.2485,97.9894,Very Low,False,38,6,2015-04-01,2018-05-01,2018-06-01,2018-11-01
Maryland,Holt Damped Trend,1248.2044,1915.2433,265.5463,98.2017,Very Low,False,38,6,2015-04-01,2018-05-01,2018-06-01,2018-11-01
Massachusetts,Historical Average,1073.2543,1401.5883,126.405,81.6966,Very Low,True,39,6,2015-04-01,2018-06-01,2018-07-01,2018-12-01
Massachusetts,Last Value (Naive),1313.7077,1754.8158,100.0,100.0,Very Low,False,39,6,2015-04-01,2018-06-01,2018-07-01,2018-12-01
Massachusetts,Three Month Moving Average,1284.5077,1733.0639,91.7642,97.7773,Very Low,False,39,6,2015-04-01,2018-06-01,2018-07-01,2018-12-01
Massachusetts,Six Month Moving Average,1270.236,1722.5127,87.7389,96.6909,Very Low,False,39,6,2015-04-01,2018-06-01,2018-07-01,2018-12-01
Massachusetts,Simple Exponential Smoothing,1073.2543,1401.5885,126.4049,81.6966,Very Low,False,39,6,2015-04-01,2018-06-01,2018-07-01,2018-12-01
Massachusetts,Holt Linear Trend,1269.0438,1728.0547,88.5987,96.6002,Very Low,False,39,6,2015-04-01,2018-06-01,2018-07-01,2018-12-01
Massachusetts,Holt Damped Trend,1249.3174,1714.8732,82.482,95.0986,Very Low,False,39,6,2015-04-01,2018-06-01,2018-07-01,2018-12-01
Michigan,Historical Average,1674.4673,1825.3013,671.5121,102.8939,Very Low,False,42,6,2015-01-01,2018-06-01,2018-07-01,2018-12-01
Michigan,Last Value (Naive),1542.66,1877.5849,498.4803,94.7945,Very Low,True,42,6,2015-01-01,2018-06-01,2018-07-01,2018-12-01
Michigan,Three Month Moving Average,1649.7282,1828.7216,639.0356,101.3737,Very Low,False,42,6,2015-01-01,2018-06-01,2018-07-01,2018-12-01
Michigan,Six Month Moving Average,2040.4516,2105.6631,1151.963,125.3831,Very Low,False,42,6,2015-01-01,2018-06-01,2018-07-01,2018-12-01
Michigan,Simple Exponential Smoothing,1991.9462,2036.9479,1088.2868,122.4025,Very Low,False,42,6,2015-01-01,2018-06-01,2018-07-01,2018-12-01
Michigan,Holt Linear Trend,2142.491,2306.7199,1306.7006,131.6533,Very Low,False,42,6,2015-01-01,2018-06-01,2018-07-01,2018-12-01
Michigan,Holt Damped Trend,2226.9116,2485.9634,1421.9676,136.8409,Very Low,False,42,6,2015-01-01,2018-06-01,2018-07-01,2018-12-01
Minnesota,Historical Average,635.7745,737.2112,114.8574,66.5513,Very Low,True,40,6,2015-03-01,2018-06-01,2018-07-01,2018-12-01
Minnesota,Last Value (Naive),660.1983,774.8788,104.9559,69.1079,Very Low,False,40,6,2015-03-01,2018-06-01,2018-07-01,2018-12-01
Minnesota,Three Month Moving Average,786.3817,1012.838,61.37,82.3165,Very Low,False,40,6,2015-03-01,2018-06-01,2018-07-01,2018-12-01
Minnesota,Six Month Moving Average,793.455,1021.0173,61.6881,83.0569,Very Low,False,40,6,2015-03-01,2018-06-01,2018-07-01,2018-12-01
Minnesota,Simple Exponential Smoothing,635.7778,737.216,114.856,66.5516,Very Low,False,40,6,2015-03-01,2018-06-01,2018-07-01,2018-12-01
Minnesota,Holt Linear Trend,955.315,1154.2008,100.0,100.0,Very Low,False,40,6,2015-03-01,2018-06-01,2018-07-01,2018-12-01
Minnesota,Holt Damped Trend,955.315,1154.2008,100.0,100.0,Very Low,False,40,6,2015-03-01,2018-06-01,2018-07-01,2018-12-01
Mississippi,Historical Average,361.907,459.5202,483.2892,102.9461,Very Low,False,40,6,2015-03-01,2018-06-01,2018-07-01,2018-12-01
Mississippi,Last Value (Naive),351.55,562.6024,100.0,100.0,Very Low,False,40,6,2015-03-01,2018-06-01,2018-07-01,2018-12-01
Mississippi,Three Month Moving Average,347.6567,552.6062,81.5523,98.8925,Very Low,False,40,6,2015-03-01,2018-06-01,2018-07-01,2018-12-01
Mississippi,Six Month Moving Average,347.6567,484.1185,337.7029,98.8925,Very Low,True,40,6,2015-03-01,2018-06-01,2018-07-01,2018-12-01
Mississippi,Simple Exponential Smoothing,361.9071,459.5201,483.2901,102.9461,Very Low,False,40,6,2015-03-01,2018-06-01,2018-07-01,2018-12-01
Mississippi,Holt Linear Trend,391.8328,438.7306,697.9407,111.4586,Very Low,False,40,6,2015-03-01,2018-06-01,2018-07-01,2018-12-01
Mississippi,Holt Damped Trend,359.9445,461.2848,470.1467,102.3878,Very Low,False,40,6,2015-03-01,2018-06-01,2018-07-01,2018-12-01
Missouri,Historical Average,686.0146,963.6253,67.5023,110.1999,Very Low,False,41,6,2015-02-01,2018-06-01,2018-07-01,2018-12-01
Missouri,Last Value (Naive),622.5183,1134.2436,100.0,100.0,Very Low,True,41,6,2015-02-01,2018-06-01,2018-07-01,2018-12-01
Missouri,Three Month Moving Average,646.5583,991.6203,58.5242,103.8617,Very Low,False,41,6,2015-02-01,2018-06-01,2018-07-01,2018-12-01
Missouri,Six Month Moving Average,880.0072,998.608,111.9892,141.3625,Very Low,False,41,6,2015-02-01,2018-06-01,2018-07-01,2018-12-01
Missouri,Simple Exponential Smoothing,686.012,963.6267,67.5017,110.1995,Very Low,False,41,6,2015-02-01,2018-06-01,2018-07-01,2018-12-01
Missouri,Holt Linear Trend,877.9484,992.6948,116.7718,141.0317,Very Low,False,41,6,2015-02-01,2018-06-01,2018-07-01,2018-12-01
Missouri,Holt Damped Trend,788.3699,958.8501,93.381,126.642,Very Low,False,41,6,2015-02-01,2018-06-01,2018-07-01,2018-12-01
Montana,Historical Average,147.5014,148.2491,286.3445,2218.0668,Very Low,False,36,6,2015-04-01,2018-03-01,2018-04-01,2018-09-01
Montana,Last Value (Naive),6.65,16.2891,100.0,100.0,Very Low,True,36,6,2015-04-01,2018-03-01,2018-04-01,2018-09-01
Montana,Three Month Moving Average,1389.81,1389.8895,3399.8997,20899.3985,Very Low,False,36,6,2015-04-01,2018-03-01,2018-04-01,2018-09-01
Montana,Six Month Moving Average,691.58,691.7398,1649.9499,10399.6992,Very Low,False,36,6,2015-04-01,2018-03-01,2018-04-01,2018-09-01
Montana,Simple Exponential Smoothing,147.502,148.2496,286.3458,2218.075,Very Low,False,36,6,2015-04-01,2018-03-01,2018-04-01,2018-09-01
Montana,Holt Linear Trend,466.4949,466.9117,1181.0046,7014.9604,Very Low,False,36,6,2015-04-01,2018-03-01,2018-04-01,2018-09-01
Montana,Holt Damped Trend,446.8313,447.1647,1119.8499,6719.2675,Very Low,False,36,6,2015-04-01,2018-03-01,2018-04-01,2018-09-01
Nebraska,Historical Average,587.1428,1296.5322,183.4416,101.1783,Very Low,False,36,6,2015-07-01,2018-06-01,2018-07-01,2018-12-01
Nebraska,Last Value (Naive),574.985,1310.2623,124.5399,99.0832,Very Low,True,36,6,2015-07-01,2018-06-01,2018-07-01,2018-12-01
Nebraska,Three Month Moving Average,574.985,1326.8365,82.7571,99.0832,Very Low,False,36,6,2015-07-01,2018-06-01,2018-07-01,2018-12-01
Nebraska,Six Month Moving Average,574.985,1333.6291,66.3786,99.0832,Very Low,False,36,6,2015-07-01,2018-06-01,2018-07-01,2018-12-01
Nebraska,Simple Exponential Smoothing,587.1437,1296.5317,183.4447,101.1785,Very Low,False,36,6,2015-07-01,2018-06-01,2018-07-01,2018-12-01
Nebraska,Holt Linear Trend,664.3824,1250.9273,434.7714,114.4885,Very Low,False,36,6,2015-07-01,2018-06-01,2018-07-01,2018-12-01
Nebraska,Holt Damped Trend,647.8244,1260.9712,379.9726,111.6352,Very Low,False,36,6,2015-07-01,2018-06-01,2018-07-01,2018-12-01
Nevada,Historical Average,517.3064,627.3824,78.5242,185.9031,Very Low,False,42,6,2015-01-01,2018-06-01,2018-07-01,2018-12-01
Nevada,Last Value (Naive),328.7947,654.3376,95.4605,118.1581,Very Low,True,42,6,2015-01-01,2018-06-01,2018-07-01,2018-12-01
Nevada,Three Month Moving Average,604.6129,657.1068,70.6804,217.2782,Very Low,False,42,6,2015-01-01,2018-06-01,2018-07-01,2018-12-01
Nevada,Six Month Moving Average,441.4398,623.1247,85.3402,158.6391,Very Low,False,42,6,2015-01-01,2018-06-01,2018-07-01,2018-12-01
Nevada,Simple Exponential Smoothing,517.3057,627.3822,78.5243,185.9028,Very Low,False,42,6,2015-01-01,2018-06-01,2018-07-01,2018-12-01
Nevada,Holt Linear Trend,739.2151,744.0256,55.3014,265.6499,Very Low,False,42,6,2015-01-01,2018-06-01,2018-07-01,2018-12-01
Nevada,Holt Damped Trend,717.0737,726.2266,58.2325,257.693,Very Low,False,42,6,2015-01-01,2018-06-01,2018-07-01,2018-12-01
New Hampshire,Historical Average,245.1421,388.2421,70.0918,97.4442,Very Low,False,35,6,2015-05-01,2018-03-01,2018-04-01,2018-09-01
New Hampshire,Last Value (Naive),251.5717,454.4949,100.0,100.0,Very Low,False,35,6,2015-05-01,2018-03-01,2018-04-01,2018-09-01
New Hampshire,Three Month Moving Average,251.5717,454.4949,100.0,100.0,Very Low,False,35,6,2015-05-01,2018-03-01,2018-04-01,2018-09-01
New Hampshire,Six Month Moving Average,250.3983,452.556,97.6322,99.5336,Very Low,False,35,6,2015-05-01,2018-03-01,2018-04-01,2018-09-01
New Hampshire,Simple Exponential Smoothing,245.1404,388.2433,70.0897,97.4436,Very Low,False,35,6,2015-05-01,2018-03-01,2018-04-01,2018-09-01
New Hampshire,Holt Linear Trend,241.8842,390.8382,65.4696,96.1492,Very Low,True,35,6,2015-05-01,2018-03-01,2018-04-01,2018-09-01
New Hampshire,Holt Damped Trend,255.5476,382.4831,83.3768,101.5804,Very Low,False,35,6,2015-05-01,2018-03-01,2018-04-01,2018-09-01
New Jersey,Historical Average,822.59,925.1406,2199.238,94.249,Very Low,True,41,6,2015-02-01,2018-06-01,2018-07-01,2018-12-01
New Jersey,Last Value (Naive),822.59,1104.3389,766.7681,94.249,Very Low,False,41,6,2015-02-01,2018-06-01,2018-07-01,2018-12-01
New Jersey,Three Month Moving Average,833.4311,936.6427,3337.5033,95.4912,Very Low,False,41,6,2015-02-01,2018-06-01,2018-07-01,2018-12-01
New Jersey,Six Month Moving Average,822.59,959.7999,1759.4113,94.249,Very Low,False,41,6,2015-02-01,2018-06-01,2018-07-01,2018-12-01
New Jersey,Simple Exponential Smoothing,822.59,925.141,2199.2313,94.249,Very Low,False,41,6,2015-02-01,2018-06-01,2018-07-01,2018-12-01
New Jersey,Holt Linear Trend,884.7258,973.2418,3683.5059,101.3683,Very Low,False,41,6,2015-02-01,2018-06-01,2018-07-01,2018-12-01
New Jersey,Holt Damped Trend,857.7306,949.045,3478.3624,98.2753,Very Low,False,41,6,2015-02-01,2018-06-01,2018-07-01,2018-12-01
New Mexico,Historical Average,252.1432,326.4591,71.0058,83.5745,Very Low,False,40,6,2015-03-01,2018-06-01,2018-07-01,2018-12-01
New Mexico,Last Value (Naive),188.3787,245.5011,42.1871,62.4393,Very Low,True,40,6,2015-03-01,2018-06-01,2018-07-01,2018-12-01
New Mexico,Three Month Moving Average,250.9698,325.2357,70.3192,83.1856,Very Low,False,40,6,2015-03-01,2018-06-01,2018-07-01,2018-12-01
New Mexico,Six Month Moving Average,199.4783,269.7027,42.9491,66.1184,Very Low,False,40,6,2015-03-01,2018-06-01,2018-07-01,2018-12-01
New Mexico,Simple Exponential Smoothing,252.1435,326.4595,71.006,83.5746,Very Low,False,40,6,2015-03-01,2018-06-01,2018-07-01,2018-12-01
New Mexico,Holt Linear Trend,230.8766,305.882,58.6867,76.5256,Very Low,False,40,6,2015-03-01,2018-06-01,2018-07-01,2018-12-01
New Mexico,Holt Damped Trend,253.8512,328.2484,72.0051,84.1407,Very Low,False,40,6,2015-03-01,2018-06-01,2018-07-01,2018-12-01
New York,Historical Average,7741.2195,10201.0783,62.6967,63.2776,Very Low,False,42,6,2015-01-01,2018-06-01,2018-07-01,2018-12-01
New York,Last Value (Naive),6980.6332,7951.6992,94.9625,57.0605,Very Low,True,42,6,2015-01-01,2018-06-01,2018-07-01,2018-12-01
New York,Three Month Moving Average,8098.9685,10560.6287,63.0808,66.2019,Very Low,False,42,6,2015-01-01,2018-06-01,2018-07-01,2018-12-01
New York,Six Month Moving Average,9175.6756,11724.7102,64.2367,75.003,Very Low,False,42,6,2015-01-01,2018-06-01,2018-07-01,2018-12-01
New York,Simple Exponential Smoothing,7741.2399,10201.0982,62.6967,63.2778,Very Low,False,42,6,2015-01-01,2018-06-01,2018-07-01,2018-12-01
New York,Holt Linear Trend,6991.4156,9495.7781,61.1841,57.1486,Very Low,False,42,6,2015-01-01,2018-06-01,2018-07-01,2018-12-01
New York,Holt Damped Trend,7271.4529,9753.6959,62.1909,59.4377,Very Low,False,42,6,2015-01-01,2018-06-01,2018-07-01,2018-12-01
North Carolina,Historical Average,2826.7803,5430.5228,261.2174,88.9986,Very Low,False,40,6,2015-03-01,2018-06-01,2018-07-01,2018-12-01
North Carolina,Last Value (Naive),2826.7803,5421.6559,267.3699,88.9986,Very Low,False,40,6,2015-03-01,2018-06-01,2018-07-01,2018-12-01
North Carolina,Three Month Moving Average,2839.1033,5486.2489,225.1011,89.3866,Very Low,False,40,6,2015-03-01,2018-06-01,2018-07-01,2018-12-01
North Carolina,Six Month Moving Average,2876.5195,5536.3452,197.2415,90.5646,Very Low,False,40,6,2015-03-01,2018-06-01,2018-07-01,2018-12-01
North Carolina,Simple Exponential Smoothing,2826.7803,5430.523,261.2172,88.9986,Very Low,False,40,6,2015-03-01,2018-06-01,2018-07-01,2018-12-01
North Carolina,Holt Linear Trend,2824.5709,5385.9156,289.843,88.9291,Very Low,True,40,6,2015-03-01,2018-06-01,2018-07-01,2018-12-01
North Carolina,Holt Damped Trend,2826.7709,5396.0672,285.3913,88.9983,Very Low,False,40,6,2015-03-01,2018-06-01,2018-07-01,2018-12-01
Ohio,Historical Average,1347.3664,1657.3965,55.3812,54.9842,Very Low,False,42,6,2015-01-01,2018-06-01,2018-07-01,2018-12-01
Ohio,Last Value (Naive),1212.2503,1446.0565,61.5929,49.4703,Very Low,False,42,6,2015-01-01,2018-06-01,2018-07-01,2018-12-01
Ohio,Three Month Moving Average,1426.8202,1812.7562,51.7285,58.2266,Very Low,False,42,6,2015-01-01,2018-06-01,2018-07-01,2018-12-01
Ohio,Six Month Moving Average,1475.0106,1875.0432,51.9632,60.1931,Very Low,False,42,6,2015-01-01,2018-06-01,2018-07-01,2018-12-01
Ohio,Simple Exponential Smoothing,1347.364,1657.3921,55.3813,54.9841,Very Low,False,42,6,2015-01-01,2018-06-01,2018-07-01,2018-12-01
Ohio,Holt Linear Trend,1175.4891,1321.6043,72.3822,47.9701,Very Low,True,42,6,2015-01-01,2018-06-01,2018-07-01,2018-12-01
Ohio,Holt Damped Trend,1234.504,1475.4604,60.5385,50.3784,Very Low,False,42,6,2015-01-01,2018-06-01,2018-07-01,2018-12-01
Oklahoma,Historical Average,630.814,851.8201,1029.7201,105.2175,Very Low,False,37,6,2015-06-01,2018-06-01,2018-07-01,2018-12-01
Oklahoma,Last Value (Naive),599.5333,1028.5369,100.0,100.0,Very Low,False,37,6,2015-06-01,2018-06-01,2018-07-01,2018-12-01
Oklahoma,Three Month Moving Average,583.2133,944.6848,382.3449,97.2779,Very Low,True,37,6,2015-06-01,2018-06-01,2018-07-01,2018-12-01
Oklahoma,Six Month Moving Average,631.9328,851.1772,1037.8241,105.4041,Very Low,False,37,6,2015-06-01,2018-06-01,2018-07-01,2018-12-01
Oklahoma,Simple Exponential Smoothing,630.8141,851.82,1029.7211,105.2175,Very Low,False,37,6,2015-06-01,2018-06-01,2018-07-01,2018-12-01
Oklahoma,Holt Linear Trend,731.2752,846.4897,1765.1193,121.9741,Very Low,False,37,6,2015-06-01,2018-06-01,2018-07-01,2018-12-01
Oklahoma,Holt Damped Trend,724.7835,844.0017,1716.6693,120.8913,Very Low,False,37,6,2015-06-01,2018-06-01,2018-07-01,2018-12-01
Oregon,Historical Average,469.4139,508.6019,6836.5697,120.5611,Very Low,False,41,6,2015-01-01,2018-05-01,2018-06-01,2018-11-01
Oregon,Last Value (Naive),531.3655,532.9285,10338.5701,136.4724,Very Low,False,41,6,2015-01-01,2018-05-01,2018-06-01,2018-11-01
Oregon,Three Month Moving Average,409.0437,548.1305,3423.9678,105.0561,Very Low,True,41,6,2015-01-01,2018-05-01,2018-06-01,2018-11-01
Oregon,Six Month Moving Average,476.2098,508.0175,7220.7288,122.3066,Very Low,False,41,6,2015-01-01,2018-05-01,2018-06-01,2018-11-01
Oregon,Simple Exponential Smoothing,469.4137,508.6019,6836.5585,120.5611,Very Low,False,41,6,2015-01-01,2018-05-01,2018-06-01,2018-11-01
Oregon,Holt Linear Trend,508.5116,514.9532,9123.6302,130.6028,Very Low,False,41,6,2015-01-01,2018-05-01,2018-06-01,2018-11-01
Oregon,Holt Damped Trend,488.7534,509.0817,7929.9484,125.5282,Very Low,False,41,6,2015-01-01,2018-05-01,2018-06-01,2018-11-01
Pennsylvania,Historical Average,3377.4622,4318.9208,50.1301,63.2593,Very Low,False,42,6,2015-01-01,2018-06-01,2018-07-01,2018-12-01
Pennsylvania,Last Value (Naive),4019.7677,4868.3331,65.6474,75.2896,Very Low,False,42,6,2015-01-01,2018-06-01,2018-07-01,2018-12-01
Pennsylvania,Three Month Moving Average,3860.9517,4738.0463,61.5121,72.315,Very Low,False,42,6,2015-01-01,2018-06-01,2018-07-01,2018-12-01
Pennsylvania,Six Month Moving Average,3563.4317,4498.9088,53.7651,66.7425,Very Low,False,42,6,2015-01-01,2018-06-01,2018-07-01,2018-12-01
Pennsylvania,Simple Exponential Smoothing,3377.4632,4318.922,50.1301,63.2593,Very Low,False,42,6,2015-01-01,2018-06-01,2018-07-01,2018-12-01
Pennsylvania,Holt Linear Trend,2830.2514,3724.792,43.4325,53.0101,Very Low,True,42,6,2015-01-01,2018-06-01,2018-07-01,2018-12-01
Pennsylvania,Holt Damped Trend,3117.0745,4025.0726,46.914,58.3823,Very Low,False,42,6,2015-01-01,2018-06-01,2018-07-01,2018-12-01
Rhode Island,Historical Average,592.7818,621.5009,135.9454,111.6862,Very Low,False,33,6,2015-10-01,2018-06-01,2018-07-01,2018-12-01
Rhode Island,Last Value (Naive),530.7567,815.4176,100.0,100.0,Very Low,False,33,6,2015-10-01,2018-06-01,2018-07-01,2018-12-01
Rhode Island,Three Month Moving Average,515.2411,785.9151,85.8362,97.0767,Very Low,False,33,6,2015-10-01,2018-06-01,2018-07-01,2018-12-01
Rhode Island,Six Month Moving Average,522.9989,800.464,92.9181,98.5384,Very Low,False,33,6,2015-10-01,2018-06-01,2018-07-01,2018-12-01
Rhode Island,Simple Exponential Smoothing,592.7837,621.5014,135.9467,111.6865,Very Low,False,33,6,2015-10-01,2018-06-01,2018-07-01,2018-12-01
Rhode Island,Holt Linear Trend,487.6126,770.2045,50.2099,91.8712,Very Low,True,33,6,2015-10-01,2018-06-01,2018-07-01,2018-12-01
Rhode Island,Holt Damped Trend,548.1149,624.1243,104.8366,103.2705,Very Low,False,33,6,2015-10-01,2018-06-01,2018-07-01,2018-12-01
South Carolina,Historical Average,233.9336,266.0285,161.4675,124.1202,Very Low,False,42,6,2015-01-01,2018-06-01,2018-07-01,2018-12-01
South Carolina,Last Value (Naive),188.4733,325.749,100.0,100.0,Very Low,True,42,6,2015-01-01,2018-06-01,2018-07-01,2018-12-01
South Carolina,Three Month Moving Average,223.3611,269.5005,138.2469,118.5107,Very Low,False,42,6,2015-01-01,2018-06-01,2018-07-01,2018-12-01
South Carolina,Six Month Moving Average,199.4772,290.237,85.7901,105.8384,Very Low,False,42,6,2015-01-01,2018-06-01,2018-07-01,2018-12-01
South Carolina,Simple Exponential Smoothing,233.934,266.0285,161.4683,124.1205,Very Low,False,42,6,2015-01-01,2018-06-01,2018-07-01,2018-12-01
South Carolina,Holt Linear Trend,199.2662,293.3894,72.7099,105.7265,Very Low,False,42,6,2015-01-01,2018-06-01,2018-07-01,2018-12-01
South Carolina,Holt Damped Trend,225.0341,268.7065,141.9137,119.3984,Very Low,False,42,6,2015-01-01,2018-06-01,2018-07-01,2018-12-01
South Dakota,Historical Average,193.5533,458.9484,92.07,100.6858,Very Low,False,41,6,2015-01-01,2018-05-01,2018-06-01,2018-11-01
South Dakota,Last Value (Naive),192.235,460.585,100.0,100.0,Very Low,True,41,6,2015-01-01,2018-05-01,2018-06-01,2018-11-01
South Dakota,Three Month Moving Average,192.235,460.585,100.0,100.0,Very Low,False,41,6,2015-01-01,2018-05-01,2018-06-01,2018-11-01
South Dakota,Six Month Moving Average,192.235,460.585,100.0,100.0,Very Low,False,41,6,2015-01-01,2018-05-01,2018-06-01,2018-11-01
South Dakota,Simple Exponential Smoothing,192.2508,460.5653,99.9052,100.0082,Very Low,False,41,6,2015-01-01,2018-05-01,2018-06-01,2018-11-01
South Dakota,Holt Linear Trend,193.0443,459.6379,92.7999,100.421,Very Low,False,41,6,2015-01-01,2018-05-01,2018-06-01,2018-11-01
South Dakota,Holt Damped Trend,192.235,460.585,100.0,100.0,Very Low,False,41,6,2015-01-01,2018-05-01,2018-06-01,2018-11-01
Tennessee,Historical Average,1688.4766,2028.2979,77.4018,85.0178,Very Low,False,42,6,2015-01-01,2018-06-01,2018-07-01,2018-12-01
Tennessee,Last Value (Naive),1456.1065,1663.2297,64.0854,73.3175,Very Low,False,42,6,2015-01-01,2018-06-01,2018-07-01,2018-12-01
Tennessee,Three Month Moving Average,1164.4164,1470.2183,39.7869,58.6304,Very Low,True,42,6,2015-01-01,2018-06-01,2018-07-01,2018-12-01
Tennessee,Six Month Moving Average,1519.6211,1843.4164,64.5777,76.5156,Very Low,False,42,6,2015-01-01,2018-06-01,2018-07-01,2018-12-01
Tennessee,Simple Exponential Smoothing,1688.4785,2028.3002,77.402,85.0179,Very Low,False,42,6,2015-01-01,2018-06-01,2018-07-01,2018-12-01
Tennessee,Holt Linear Trend,1528.5631,1856.1506,65.6576,76.9659,Very Low,False,42,6,2015-01-01,2018-06-01,2018-07-01,2018-12-01
Tennessee,Holt Damped Trend,1610.9283,1941.8739,71.5541,81.1131,Very Low,False,42,6,2015-01-01,2018-06-01,2018-07-01,2018-12-01
Texas,Historical Average,1438.5251,2005.513,34.749,36.7706,Very Low,False,42,6,2015-01-01,2018-06-01,2018-07-01,2018-12-01
Texas,Last Value (Naive),1438.5251,2038.5025,33.4621,36.7706,Very Low,False,42,6,2015-01-01,2018-06-01,2018-07-01,2018-12-01
Texas,Three Month Moving Average,1552.0427,2431.7798,29.0432,39.6722,Very Low,False,42,6,2015-01-01,2018-06-01,2018-07-01,2018-12-01
Texas,Six Month Moving Average,1438.5251,2039.0821,33.4418,36.7706,Very Low,False,42,6,2015-01-01,2018-06-01,2018-07-01,2018-12-01
Texas,Simple Exponential Smoothing,1438.5251,2005.5234,34.7485,36.7706,Very Low,False,42,6,2015-01-01,2018-06-01,2018-07-01,2018-12-01
Texas,Holt Linear Trend,1403.2429,1892.2913,38.9761,35.8687,Very Low,True,42,6,2015-01-01,2018-06-01,2018-07-01,2018-12-01
Texas,Holt Damped Trend,1438.4899,1953.0699,38.9215,36.7697,Very Low,False,42,6,2015-01-01,2018-06-01,2018-07-01,2018-12-01
Utah,Historical Average,482.5873,835.2556,643.2507,117.6737,Very Low,False,39,6,2015-03-01,2018-05-01,2018-06-01,2018-11-01
Utah,Last Value (Naive),410.1063,911.826,100.0,100.0,Very Low,False,39,6,2015-03-01,2018-05-01,2018-06-01,2018-11-01
Utah,Three Month Moving Average,410.1063,911.826,100.0,100.0,Very Low,False,39,6,2015-03-01,2018-05-01,2018-06-01,2018-11-01
Utah,Six Month Moving Average,410.1063,911.826,100.0,100.0,Very Low,False,39,6,2015-03-01,2018-05-01,2018-06-01,2018-11-01
Utah,Simple Exponential Smoothing,482.5869,835.2557,643.2488,117.6736,Very Low,False,39,6,2015-03-01,2018-05-01,2018-06-01,2018-11-01
Utah,Holt Linear Trend,396.0547,888.2733,117.079,96.5737,Very Low,True,39,6,2015-03-01,2018-05-01,2018-06-01,2018-11-01
Utah,Holt Damped Trend,396.5455,884.2323,145.3281,96.6933,Very Low,False,39,6,2015-03-01,2018-05-01,2018-06-01,2018-11-01
Vermont,Historical Average,402.0453,409.2419,112.7576,1176.5459,Very Low,False,20,6,2016-11-01,2018-06-01,2018-07-01,2018-12-01
Vermont,Last Value (Naive),34.1717,83.7031,100.0,100.0,Very Low,True,20,6,2016-11-01,2018-06-01,2018-07-01,2018-12-01
Vermont,Three Month Moving Average,34.1717,83.7031,100.0,100.0,Very Low,False,20,6,2016-11-01,2018-06-01,2018-07-01,2018-12-01
Vermont,Six Month Moving Average,104.9694,105.0053,48.2043,307.1827,Very Low,False,20,6,2016-11-01,2018-06-01,2018-07-01,2018-12-01
Vermont,Simple Exponential Smoothing,59.11,76.4787,81.7551,172.9794,Very Low,False,20,6,2016-11-01,2018-06-01,2018-07-01,2018-12-01
Vermont,Holt Linear Trend,145.4289,157.4731,10.7018,425.5832,Very Low,False,20,6,2016-11-01,2018-06-01,2018-07-01,2018-12-01
Vermont,Holt Damped Trend,34.1717,83.7031,100.0,100.0,Very Low,False,20,6,2016-11-01,2018-06-01,2018-07-01,2018-12-01
Virginia,Historical Average,1012.8851,1125.4015,480.4871,125.861,Very Low,False,42,6,2015-01-01,2018-06-01,2018-07-01,2018-12-01
Virginia,Last Value (Naive),746.3783,828.9391,225.104,92.7449,Very Low,False,42,6,2015-01-01,2018-06-01,2018-07-01,2018-12-01
Virginia,Three Month Moving Average,693.4083,884.7397,145.1331,86.1628,Very Low,True,42,6,2015-01-01,2018-06-01,2018-07-01,2018-12-01
Virginia,Six Month Moving Average,693.4083,896.2543,137.1825,86.1628,Very Low,False,42,6,2015-01-01,2018-06-01,2018-07-01,2018-12-01
Virginia,Simple Exponential Smoothing,1012.8819,1125.395,480.4841,125.8606,Very Low,False,42,6,2015-01-01,2018-06-01,2018-07-01,2018-12-01
Virginia,Holt Linear Trend,823.438,851.1441,291.5534,102.3203,Very Low,False,42,6,2015-01-01,2018-06-01,2018-07-01,2018-12-01
Virginia,Holt Damped Trend,934.6946,981.8597,405.5449,116.145,Very Low,False,42,6,2015-01-01,2018-06-01,2018-07-01,2018-12-01
Washington,Historical Average,4068.2144,5367.4618,53.7507,65.1478,Very Low,False,41,6,2015-02-01,2018-06-01,2018-07-01,2018-12-01
Washington,Last Value (Naive),3194.4387,3954.6568,62.7119,51.1553,Very Low,False,41,6,2015-02-01,2018-06-01,2018-07-01,2018-12-01
Washington,Three Month Moving Average,3847.6953,5134.6843,51.9585,61.6164,Very Low,False,41,6,2015-02-01,2018-06-01,2018-07-01,2018-12-01
Washington,Six Month Moving Average,3194.4387,4044.3213,59.5457,51.1553,Very Low,True,41,6,2015-02-01,2018-06-01,2018-07-01,2018-12-01
Washington,Simple Exponential Smoothing,4068.2088,5367.4558,53.7506,65.1477,Very Low,False,41,6,2015-02-01,2018-06-01,2018-07-01,2018-12-01
Washington,Holt Linear Trend,3426.1691,4696.3595,49.2141,54.8662,Very Low,False,41,6,2015-02-01,2018-06-01,2018-07-01,2018-12-01
Washington,Holt Damped Trend,3949.032,5240.3431,52.7822,63.2392,Very Low,False,41,6,2015-02-01,2018-06-01,2018-07-01,2018-12-01
Wisconsin,Historical Average,516.4792,651.2179,286.7016,87.236,Very Low,False,41,6,2015-02-01,2018-06-01,2018-07-01,2018-12-01
Wisconsin,Last Value (Naive),592.0483,876.3226,100.0,100.0,Very Low,False,41,6,2015-02-01,2018-06-01,2018-07-01,2018-12-01
Wisconsin,Three Month Moving Average,592.0483,876.3226,100.0,100.0,Very Low,False,41,6,2015-02-01,2018-06-01,2018-07-01,2018-12-01
Wisconsin,Six Month Moving Average,422.0506,695.0186,134.5985,71.2865,Very Low,True,41,6,2015-02-01,2018-06-01,2018-07-01,2018-12-01
Wisconsin,Simple Exponential Smoothing,516.4773,651.2176,286.7001,87.2357,Very Low,False,41,6,2015-02-01,2018-06-01,2018-07-01,2018-12-01
Wisconsin,Holt Linear Trend,698.7006,734.8458,436.609,118.0141,Very Low,False,41,6,2015-02-01,2018-06-01,2018-07-01,2018-12-01
Wisconsin,Holt Damped Trend,615.1202,685.5607,364.4513,103.897,Very Low,False,41,6,2015-02-01,2018-06-01,2018-07-01,2018-12-01
