State,Month,Year,Month Number,Month Name,Monthly Sales
Alabama,2015-04-01,2015,4,April,1224.88
Alabama,2015-05-01,2015,5,May,180.93
Alabama,2015-06-01,2015,6,June,0.0
Alabama,2015-07-01,2015,7,July,0.0
Alabama,2015-08-01,2015,8,August,0.0
Alabama,2015-09-01,2015,9,September,0.0
Alabama,2015-10-01,2015,10,October,2216.8
Alabama,2015-11-01,2015,11,November,14.67
Alabama,2015-12-01,2015,12,December,2501.81
Alabama,2016-01-01,2016,1,January,0.0
Alabama,2016-02-01,2016,2,February,0.0
Alabama,2016-03-01,2016,3,March,518.49
Alabama,2016-04-01,2016,4,April,0.0
Alabama,2016-05-01,2016,5,May,0.0
Alabama,2016-06-01,2016,6,June,976.29
Alabama,2016-07-01,2016,7,July,457.03999999999996
Alabama,2016-08-01,2016,8,August,0.0
Alabama,2016-09-01,2016,9,September,1940.1499999999999
Alabama,2016-10-01,2016,10,October,0.0
Alabama,2016-11-01,2016,11,November,0.0
Alabama,2016-12-01,2016,12,December,0.0
Alabama,2017-01-01,2017,1,January,0.0
Alabama,2017-02-01,2017,2,February,0.0
Alabama,2017-03-01,2017,3,March,0.0
Alabama,2017-04-01,2017,4,April,0.0
Alabama,2017-05-01,2017,5,May,1007.6800000000001
Alabama,2017-06-01,2017,6,June,224.9
Alabama,2017-07-01,2017,7,July,29.0
Alabama,2017-08-01,2017,8,August,197.05
Alabama,2017-09-01,2017,9,September,1562.97
Alabama,2017-10-01,2017,10,October,0.0
Alabama,2017-11-01,2017,11,November,4629.73
Alabama,2017-12-01,2017,12,December,0.0
Alabama,2018-01-01,2018,1,January,56.370000000000005
Alabama,2018-02-01,2018,2,February,0.0
Alabama,2018-03-01,2018,3,March,0.0
Alabama,2018-04-01,2018,4,April,518.16
Alabama,2018-05-01,2018,5,May,26.16
Alabama,2018-06-01,2018,6,June,16.240000000000002
Alabama,2018-07-01,2018,7,July,0.0
Alabama,2018-08-01,2018,8,August,0.0
Alabama,2018-09-01,2018,9,September,0.0
Alabama,2018-10-01,2018,10,October,10.16
Alabama,2018-11-01,2018,11,November,239.92
Alabama,2018-12-01,2018,12,December,961.24
Arizona,2015-01-01,2015,1,January,378.594
Arizona,2015-02-01,2015,2,February,0.0
Arizona,2015-03-01,2015,3,March,388.70399999999995
Arizona,2015-04-01,2015,4,April,71.168
Arizona,2015-05-01,2015,5,May,0.0
Arizona,2015-06-01,2015,6,June,12.498000000000001
Arizona,2015-07-01,2015,7,July,1835.432
Arizona,2015-08-01,2015,8,August,324.185
Arizona,2015-09-01,2015,9,September,153.315
Arizona,2015-10-01,2015,10,October,1387.352
Arizona,2015-11-01,2015,11,November,173.704
Arizona,2015-12-01,2015,12,December,3570.283
Arizona,2016-01-01,2016,1,January,0.0
Arizona,2016-02-01,2016,2,February,0.0
Arizona,2016-03-01,2016,3,March,0.0
Arizona,2016-04-01,2016,4,April,184.464
Arizona,2016-05-01,2016,5,May,332.954
Arizona,2016-06-01,2016,6,June,1225.5639999999999
Arizona,2016-07-01,2016,7,July,1525.824
Arizona,2016-08-01,2016,8,August,2529.768
Arizona,2016-09-01,2016,9,September,1371.587
Arizona,2016-10-01,2016,10,October,174.304
Arizona,2016-11-01,2016,11,November,376.977
Arizona,2016-12-01,2016,12,December,1889.768
Arizona,2017-01-01,2017,1,January,0.0
Arizona,2017-02-01,2017,2,February,14.368
Arizona,2017-03-01,2017,3,March,475.50199999999995
Arizona,2017-04-01,2017,4,April,2738.427
Arizona,2017-05-01,2017,5,May,185.528
Arizona,2017-06-01,2017,6,June,0.0
Arizona,2017-07-01,2017,7,July,532.28
Arizona,2017-08-01,2017,8,August,0.0
Arizona,2017-09-01,2017,9,September,436.877
Arizona,2017-10-01,2017,10,October,533.688
Arizona,2017-11-01,2017,11,November,354.422
Arizona,2017-12-01,2017,12,December,970.927
Arizona,2018-01-01,2018,1,January,100.922
Arizona,2018-02-01,2018,2,February,882.99
Arizona,2018-03-01,2018,3,March,0.0
Arizona,2018-04-01,2018,4,April,560.896
Arizona,2018-05-01,2018,5,May,827.7710000000001
Arizona,2018-06-01,2018,6,June,935.308
Arizona,2018-07-01,2018,7,July,1298.896
Arizona,2018-08-01,2018,8,August,223.576
Arizona,2018-09-01,2018,9,September,606.533
Arizona,2018-10-01,2018,10,October,961.104
Arizona,2018-11-01,2018,11,November,3192.462
Arizona,2018-12-01,2018,12,December,1533.735
Arkansas,2015-01-01,2015,1,January,1859.4
Arkansas,2015-02-01,2015,2,February,0.0
Arkansas,2015-03-01,2015,3,March,0.0
Arkansas,2015-04-01,2015,4,April,0.0
Arkansas,2015-05-01,2015,5,May,0.0
Arkansas,2015-06-01,2015,6,June,904.13
Arkansas,2015-07-01,2015,7,July,0.0
Arkansas,2015-08-01,2015,8,August,1123.6100000000001
Arkansas,2015-09-01,2015,9,September,1793.98
Arkansas,2015-10-01,2015,10,October,621.57
Arkansas,2015-11-01,2015,11,November,0.0
Arkansas,2015-12-01,2015,12,December,0.0
Arkansas,2016-01-01,2016,1,January,0.0
Arkansas,2016-02-01,2016,2,February,29.99
Arkansas,2016-03-01,2016,3,March,0.0
Arkansas,2016-04-01,2016,4,April,0.0
Arkansas,2016-05-01,2016,5,May,0.0
Arkansas,2016-06-01,2016,6,June,0.0
Arkansas,2016-07-01,2016,7,July,0.0
Arkansas,2016-08-01,2016,8,August,0.0
Arkansas,2016-09-01,2016,9,September,0.0
Arkansas,2016-10-01,2016,10,October,0.0
Arkansas,2016-11-01,2016,11,November,308.2
Arkansas,2016-12-01,2016,12,December,105.42
Arkansas,2017-01-01,2017,1,January,0.0
Arkansas,2017-02-01,2017,2,February,0.0
Arkansas,2017-03-01,2017,3,March,0.0
Arkansas,2017-04-01,2017,4,April,215.83999999999997
Arkansas,2017-05-01,2017,5,May,140.52
Arkansas,2017-06-01,2017,6,June,678.87
Arkansas,2017-07-01,2017,7,July,0.0
Arkansas,2017-08-01,2017,8,August,0.0
Arkansas,2017-09-01,2017,9,September,239.5
Arkansas,2017-10-01,2017,10,October,0.0
Arkansas,2017-11-01,2017,11,November,59.98
Arkansas,2017-12-01,2017,12,December,889.48
Arkansas,2018-01-01,2018,1,January,0.0
Arkansas,2018-02-01,2018,2,February,0.0
Arkansas,2018-03-01,2018,3,March,40.41
Arkansas,2018-04-01,2018,4,April,0.0
Arkansas,2018-05-01,2018,5,May,48.9
Arkansas,2018-06-01,2018,6,June,117.62
Arkansas,2018-07-01,2018,7,July,0.0
Arkansas,2018-08-01,2018,8,August,0.0
Arkansas,2018-09-01,2018,9,September,939.82
Arkansas,2018-10-01,2018,10,October,199.17
Arkansas,2018-11-01,2018,11,November,4.3
Arkansas,2018-12-01,2018,12,December,1357.42
California,2015-01-01,2015,1,January,2455.185
California,2015-02-01,2015,2,February,308.702
California,2015-03-01,2015,3,March,7239.0960000000005
California,2015-04-01,2015,4,April,7892.0509999999995
California,2015-05-01,2015,5,May,5960.0199999999995
California,2015-06-01,2015,6,June,4379.3240000000005
California,2015-07-01,2015,7,July,16231.650999999998
California,2015-08-01,2015,8,August,5090.892
California,2015-09-01,2015,9,September,4646.597
California,2015-10-01,2015,10,October,4582.182
California,2015-11-01,2015,11,November,13690.0625
California,2015-12-01,2015,12,December,16999.3865
California,2016-01-01,2016,1,January,5889.954
California,2016-02-01,2016,2,February,1198.714
California,2016-03-01,2016,3,March,5852.804
California,2016-04-01,2016,4,April,8469.552
California,2016-05-01,2016,5,May,8055.5755
California,2016-06-01,2016,6,June,3018.538
California,2016-07-01,2016,7,July,4146.832
California,2016-08-01,2016,8,August,8454.083
California,2016-09-01,2016,9,September,7267.5109999999995
California,2016-10-01,2016,10,October,9443.003
California,2016-11-01,2016,11,November,8669.273
California,2016-12-01,2016,12,December,15155.743
California,2017-01-01,2017,1,January,2876.464
California,2017-02-01,2017,2,February,3085.794
California,2017-03-01,2017,3,March,15857.442
California,2017-04-01,2017,4,April,6297.218
California,2017-05-01,2017,5,May,5344.928
California,2017-06-01,2017,6,June,16049.335
California,2017-07-01,2017,7,July,8605.369
California,2017-08-01,2017,8,August,9573.0
California,2017-09-01,2017,9,September,12234.4215
California,2017-10-01,2017,10,October,7163.222
California,2017-11-01,2017,11,November,17896.488
California,2017-12-01,2017,12,December,21559.282
California,2018-01-01,2018,1,January,5163.432
California,2018-02-01,2018,2,February,6484.747
California,2018-03-01,2018,3,March,11331.194
California,2018-04-01,2018,4,April,8784.206
California,2018-05-01,2018,5,May,9914.196
California,2018-06-01,2018,6,June,9012.0855
California,2018-07-01,2018,7,July,12923.859
California,2018-08-01,2018,8,August,14534.322
California,2018-09-01,2018,9,September,18067.032
California,2018-10-01,2018,10,October,15776.301000000001
California,2018-11-01,2018,11,November,13357.371000000001
California,2018-12-01,2018,12,December,19318.023
Colorado,2015-03-01,2015,3,March,719.576
Colorado,2015-04-01,2015,4,April,0.0
Colorado,2015-05-01,2015,5,May,0.0
Colorado,2015-06-01,2015,6,June,233.00400000000002
Colorado,2015-07-01,2015,7,July,209.96800000000002
Colorado,2015-08-01,2015,8,August,645.726
Colorado,2015-09-01,2015,9,September,14.576
Colorado,2015-10-01,2015,10,October,0.0
Colorado,2015-11-01,2015,11,November,3376.228
Colorado,2015-12-01,2015,12,December,1303.216
Colorado,2016-01-01,2016,1,January,31.538
Colorado,2016-02-01,2016,2,February,0.0
Colorado,2016-03-01,2016,3,March,3.408
Colorado,2016-04-01,2016,4,April,49.400000000000006
Colorado,2016-05-01,2016,5,May,1094.0
Colorado,2016-06-01,2016,6,June,125.944
Colorado,2016-07-01,2016,7,July,0.0
Colorado,2016-08-01,2016,8,August,0.0
Colorado,2016-09-01,2016,9,September,42.768
Colorado,2016-10-01,2016,10,October,1336.138
Colorado,2016-11-01,2016,11,November,538.41
Colorado,2016-12-01,2016,12,December,1417.664
Colorado,2017-01-01,2017,1,January,0.0
Colorado,2017-02-01,2017,2,February,0.0
Colorado,2017-03-01,2017,3,March,232.27800000000002
Colorado,2017-04-01,2017,4,April,1373.8919999999998
Colorado,2017-05-01,2017,5,May,914.943
Colorado,2017-06-01,2017,6,June,749.488
Colorado,2017-07-01,2017,7,July,3056.912
Colorado,2017-08-01,2017,8,August,363.594
Colorado,2017-09-01,2017,9,September,1334.416
Colorado,2017-10-01,2017,10,October,1781.6180000000002
Colorado,2017-11-01,2017,11,November,0.0
Colorado,2017-12-01,2017,12,December,859.5999999999999
Colorado,2018-01-01,2018,1,January,337.688
Colorado,2018-02-01,2018,2,February,9.432
Colorado,2018-03-01,2018,3,March,1332.496
Colorado,2018-04-01,2018,4,April,2643.6610000000005
Colorado,2018-05-01,2018,5,May,120.783
Colorado,2018-06-01,2018,6,June,578.28
Colorado,2018-07-01,2018,7,July,0.0
Colorado,2018-08-01,2018,8,August,16.752000000000002
Colorado,2018-09-01,2018,9,September,819.212
Colorado,2018-10-01,2018,10,October,646.1279999999999
Colorado,2018-11-01,2018,11,November,88.768
Colorado,2018-12-01,2018,12,December,3440.093
Connecticut,2015-05-01,2015,5,May,27.46
Connecticut,2015-06-01,2015,6,June,21.4
Connecticut,2015-07-01,2015,7,July,455.23
Connecticut,2015-08-01,2015,8,August,1401.56
Connecticut,2015-09-01,2015,9,September,0.0
Connecticut,2015-10-01,2015,10,October,0.0
Connecticut,2015-11-01,2015,11,November,888.3699999999999
Connecticut,2015-12-01,2015,12,December,0.0
Connecticut,2016-01-01,2016,1,January,0.0
Connecticut,2016-02-01,2016,2,February,0.0
Connecticut,2016-03-01,2016,3,March,0.0
Connecticut,2016-04-01,2016,4,April,370.14
Connecticut,2016-05-01,2016,5,May,115.99
Connecticut,2016-06-01,2016,6,June,0.0
Connecticut,2016-07-01,2016,7,July,0.0
Connecticut,2016-08-01,2016,8,August,470.36
Connecticut,2016-09-01,2016,9,September,301.25
Connecticut,2016-10-01,2016,10,October,26.9
Connecticut,2016-11-01,2016,11,November,0.0
Connecticut,2016-12-01,2016,12,December,0.0
Connecticut,2017-01-01,2017,1,January,181.797
Connecticut,2017-02-01,2017,2,February,0.0
Connecticut,2017-03-01,2017,3,March,211.09
Connecticut,2017-04-01,2017,4,April,67.32000000000001
Connecticut,2017-05-01,2017,5,May,805.5899999999999
Connecticut,2017-06-01,2017,6,June,584.7700000000001
Connecticut,2017-07-01,2017,7,July,0.0
Connecticut,2017-08-01,2017,8,August,0.0
Connecticut,2017-09-01,2017,9,September,48.16
Connecticut,2017-10-01,2017,10,October,1179.27
Connecticut,2017-11-01,2017,11,November,80.49
Connecticut,2017-12-01,2017,12,December,840.0
Connecticut,2018-01-01,2018,1,January,3.52
Connecticut,2018-02-01,2018,2,February,612.12
Connecticut,2018-03-01,2018,3,March,823.12
Connecticut,2018-04-01,2018,4,April,403.02
Connecticut,2018-05-01,2018,5,May,0.0
Connecticut,2018-06-01,2018,6,June,705.0300000000001
Connecticut,2018-07-01,2018,7,July,847.46
Connecticut,2018-08-01,2018,8,August,0.0
Connecticut,2018-09-01,2018,9,September,336.24
Connecticut,2018-10-01,2018,10,October,13.05
Connecticut,2018-11-01,2018,11,November,0.0
Connecticut,2018-12-01,2018,12,December,1563.65
Delaware,2015-01-01,2015,1,January,9.94
Delaware,2015-02-01,2015,2,February,0.0
Delaware,2015-03-01,2015,3,March,0.0
Delaware,2015-04-01,2015,4,April,19.98
Delaware,2015-05-01,2015,5,May,0.0
Delaware,2015-06-01,2015,6,June,65.97
Delaware,2015-07-01,2015,7,July,39.48
Delaware,2015-08-01,2015,8,August,190.01
Delaware,2015-09-01,2015,9,September,55.46
Delaware,2015-10-01,2015,10,October,0.0
Delaware,2015-11-01,2015,11,November,4387.91
Delaware,2015-12-01,2015,12,December,17.28
Delaware,2016-01-01,2016,1,January,580.58
Delaware,2016-02-01,2016,2,February,1558.4199999999998
Delaware,2016-03-01,2016,3,March,807.54
Delaware,2016-04-01,2016,4,April,0.0
Delaware,2016-05-01,2016,5,May,0.0
Delaware,2016-06-01,2016,6,June,29.9
Delaware,2016-07-01,2016,7,July,1136.896
Delaware,2016-08-01,2016,8,August,0.0
Delaware,2016-09-01,2016,9,September,0.0
Delaware,2016-10-01,2016,10,October,527.6400000000001
Delaware,2016-11-01,2016,11,November,1549.3600000000001
Delaware,2016-12-01,2016,12,December,0.0
Delaware,2017-01-01,2017,1,January,0.0
Delaware,2017-02-01,2017,2,February,0.0
Delaware,2017-03-01,2017,3,March,1256.77
Delaware,2017-04-01,2017,4,April,0.0
Delaware,2017-05-01,2017,5,May,211.96
Delaware,2017-06-01,2017,6,June,950.23
Delaware,2017-07-01,2017,7,July,0.0
Delaware,2017-08-01,2017,8,August,0.0
Delaware,2017-09-01,2017,9,September,0.0
Delaware,2017-10-01,2017,10,October,7.92
Delaware,2017-11-01,2017,11,November,164.77
Delaware,2017-12-01,2017,12,December,0.0
Delaware,2018-01-01,2018,1,January,0.0
Delaware,2018-02-01,2018,2,February,0.0
Delaware,2018-03-01,2018,3,March,627.48
Delaware,2018-04-01,2018,4,April,0.0
Delaware,2018-05-01,2018,5,May,299.52
Delaware,2018-06-01,2018,6,June,0.0
Delaware,2018-07-01,2018,7,July,1679.153
Delaware,2018-08-01,2018,8,August,0.0
Delaware,2018-09-01,2018,9,September,391.98
Delaware,2018-10-01,2018,10,October,0.0
Delaware,2018-11-01,2018,11,November,10756.85
Florida,2015-02-01,2015,2,February,199.296
Florida,2015-03-01,2015,3,March,25883.325999999997
Florida,2015-04-01,2015,4,April,737.2
Florida,2015-05-01,2015,5,May,1196.32
Florida,2015-06-01,2015,6,June,63.381
Florida,2015-07-01,2015,7,July,1016.802
Florida,2015-08-01,2015,8,August,1767.4105
Florida,2015-09-01,2015,9,September,418.17600000000004
Florida,2015-10-01,2015,10,October,25.752000000000002
Florida,2015-11-01,2015,11,November,806.562
Florida,2015-12-01,2015,12,December,2108.787
Florida,2016-01-01,2016,1,January,13.12
Florida,2016-02-01,2016,2,February,0.0
Florida,2016-03-01,2016,3,March,1987.048
Florida,2016-04-01,2016,4,April,316.02750000000003
Florida,2016-05-01,2016,5,May,533.6
Florida,2016-06-01,2016,6,June,3530.328
Florida,2016-07-01,2016,7,July,259.424
Florida,2016-08-01,2016,8,August,4.608
Florida,2016-09-01,2016,9,September,919.636
Florida,2016-10-01,2016,10,October,2920.4475
Florida,2016-11-01,2016,11,November,3644.6594999999998
Florida,2016-12-01,2016,12,December,110.94200000000001
Florida,2017-01-01,2017,1,January,255.904
Florida,2017-02-01,2017,2,February,471.07800000000003
Florida,2017-03-01,2017,3,March,1476.4
Florida,2017-04-01,2017,4,April,0.0
Florida,2017-05-01,2017,5,May,1187.262
Florida,2017-06-01,2017,6,June,754.1
Florida,2017-07-01,2017,7,July,1212.1290000000001
Florida,2017-08-01,2017,8,August,1308.0605
Florida,2017-09-01,2017,9,September,1362.1599999999999
Florida,2017-10-01,2017,10,October,1269.219
Florida,2017-11-01,2017,11,November,2531.289
Florida,2017-12-01,2017,12,December,1701.362
Florida,2018-01-01,2018,1,January,421.944
Florida,2018-02-01,2018,2,February,119.17800000000001
Florida,2018-03-01,2018,3,March,133.126
Florida,2018-04-01,2018,4,April,3706.4315
Florida,2018-05-01,2018,5,May,4059.4700000000003
Florida,2018-06-01,2018,6,June,2826.538
Florida,2018-07-01,2018,7,July,379.6
Florida,2018-08-01,2018,8,August,4628.311999999999
Florida,2018-09-01,2018,9,September,1976.152
Florida,2018-10-01,2018,10,October,1773.647
Florida,2018-11-01,2018,11,November,5236.965999999999
Florida,2018-12-01,2018,12,December,1183.3509999999999
Georgia,2015-01-01,2015,1,January,162.73
Georgia,2015-02-01,2015,2,February,0.0
Georgia,2015-03-01,2015,3,March,0.0
Georgia,2015-04-01,2015,4,April,1479.96
Georgia,2015-05-01,2015,5,May,0.0
Georgia,2015-06-01,2015,6,June,605.47
Georgia,2015-07-01,2015,7,July,256.47999999999996
Georgia,2015-08-01,2015,8,August,344.91
Georgia,2015-09-01,2015,9,September,266.41
Georgia,2015-10-01,2015,10,October,0.0
Georgia,2015-11-01,2015,11,November,1032.57
Georgia,2015-12-01,2015,12,December,61.239999999999995
Georgia,2016-01-01,2016,1,January,9.82
Georgia,2016-02-01,2016,2,February,74.52
Georgia,2016-03-01,2016,3,March,6471.49
Georgia,2016-04-01,2016,4,April,896.3100000000001
Georgia,2016-05-01,2016,5,May,17.94
Georgia,2016-06-01,2016,6,June,274.88
Georgia,2016-07-01,2016,7,July,38.88
Georgia,2016-08-01,2016,8,August,1148.07
Georgia,2016-09-01,2016,9,September,1185.71
Georgia,2016-10-01,2016,10,October,392.94
Georgia,2016-11-01,2016,11,November,0.0
Georgia,2016-12-01,2016,12,December,567.18
Georgia,2017-01-01,2017,1,January,1712.35
Georgia,2017-02-01,2017,2,February,3441.5499999999997
Georgia,2017-03-01,2017,3,March,650.94
Georgia,2017-04-01,2017,4,April,392.7
Georgia,2017-05-01,2017,5,May,1326.7
Georgia,2017-06-01,2017,6,June,1438.78
Georgia,2017-07-01,2017,7,July,88.15
Georgia,2017-08-01,2017,8,August,186.54
Georgia,2017-09-01,2017,9,September,1291.82
Georgia,2017-10-01,2017,10,October,0.0
Georgia,2017-11-01,2017,11,November,3229.0699999999997
Georgia,2017-12-01,2017,12,December,299.07
Georgia,2018-01-01,2018,1,January,3008.3199999999997
Georgia,2018-02-01,2018,2,February,1245.86
Georgia,2018-03-01,2018,3,March,3826.91
Georgia,2018-04-01,2018,4,April,4194.11
Georgia,2018-05-01,2018,5,May,3146.35
Georgia,2018-06-01,2018,6,June,544.14
Georgia,2018-07-01,2018,7,July,372.71000000000004
Georgia,2018-08-01,2018,8,August,71.98
Georgia,2018-09-01,2018,9,September,2389.45
Georgia,2018-10-01,2018,10,October,0.0
Georgia,2018-11-01,2018,11,November,74.1
Idaho,2015-04-01,2015,4,April,9.584
Idaho,2015-05-01,2015,5,May,0.0
Idaho,2015-06-01,2015,6,June,0.0
Idaho,2015-07-01,2015,7,July,0.0
Idaho,2015-08-01,2015,8,August,0.0
Idaho,2015-09-01,2015,9,September,0.0
Idaho,2015-10-01,2015,10,October,0.0
Idaho,2015-11-01,2015,11,November,0.0
Idaho,2015-12-01,2015,12,December,455.63199999999995
Idaho,2016-01-01,2016,1,January,0.0
Idaho,2016-02-01,2016,2,February,0.0
Idaho,2016-03-01,2016,3,March,0.0
Idaho,2016-04-01,2016,4,April,0.0
Idaho,2016-05-01,2016,5,May,0.0
Idaho,2016-06-01,2016,6,June,495.736
Idaho,2016-07-01,2016,7,July,0.0
Idaho,2016-08-01,2016,8,August,3.304
Idaho,2016-09-01,2016,9,September,0.0
Idaho,2016-10-01,2016,10,October,0.0
Idaho,2016-11-01,2016,11,November,1001.1959999999999
Idaho,2016-12-01,2016,12,December,0.0
Idaho,2017-01-01,2017,1,January,0.0
Idaho,2017-02-01,2017,2,February,0.0
Idaho,2017-03-01,2017,3,March,34.68
Idaho,2017-04-01,2017,4,April,0.0
Idaho,2017-05-01,2017,5,May,0.0
Idaho,2017-06-01,2017,6,June,0.0
Idaho,2017-07-01,2017,7,July,0.0
Idaho,2017-08-01,2017,8,August,0.0
Idaho,2017-09-01,2017,9,September,1148.806
Idaho,2017-10-01,2017,10,October,0.0
Idaho,2017-11-01,2017,11,November,0.0
Idaho,2017-12-01,2017,12,December,0.0
Idaho,2018-01-01,2018,1,January,0.0
Idaho,2018-02-01,2018,2,February,0.0
Idaho,2018-03-01,2018,3,March,0.0
Idaho,2018-04-01,2018,4,April,0.0
Idaho,2018-05-01,2018,5,May,814.526
Idaho,2018-06-01,2018,6,June,0.0
Idaho,2018-07-01,2018,7,July,0.0
Idaho,2018-08-01,2018,8,August,0.0
Idaho,2018-09-01,2018,9,September,89.97
Idaho,2018-10-01,2018,10,October,307.74
Idaho,2018-11-01,2018,11,November,0.0
Idaho,2018-12-01,2018,12,December,21.312
Illinois,2015-01-01,2015,1,January,288.06
Illinois,2015-02-01,2015,2,February,72.00999999999999
Illinois,2015-03-01,2015,3,March,1323.0639999999999
Illinois,2015-04-01,2015,4,April,101.728
Illinois,2015-05-01,2015,5,May,1840.899
Illinois,2015-06-01,2015,6,June,325.217
Illinois,2015-07-01,2015,7,July,251.45200000000003
Illinois,2015-08-01,2015,8,August,421.372
Illinois,2015-09-01,2015,9,September,2575.188
Illinois,2015-10-01,2015,10,October,4222.947
Illinois,2015-11-01,2015,11,November,2654.576
Illinois,2015-12-01,2015,12,December,1700.1779999999999
Illinois,2016-01-01,2016,1,January,254.744
Illinois,2016-02-01,2016,2,February,479.952
Illinois,2016-03-01,2016,3,March,1203.274
Illinois,2016-04-01,2016,4,April,2045.7250000000001
Illinois,2016-05-01,2016,5,May,1234.017
Illinois,2016-06-01,2016,6,June,941.929
Illinois,2016-07-01,2016,7,July,4506.0470000000005
Illinois,2016-08-01,2016,8,August,2859.808
Illinois,2016-09-01,2016,9,September,348.81600000000003
Illinois,2016-10-01,2016,10,October,464.912
Illinois,2016-11-01,2016,11,November,1592.848
Illinois,2016-12-01,2016,12,December,2645.992
Illinois,2017-01-01,2017,1,January,2224.308
Illinois,2017-02-01,2017,2,February,167.182
Illinois,2017-03-01,2017,3,March,2568.444
Illinois,2017-04-01,2017,4,April,503.88
Illinois,2017-05-01,2017,5,May,4006.6110000000003
Illinois,2017-06-01,2017,6,June,3420.982
Illinois,2017-07-01,2017,7,July,1397.268
Illinois,2017-08-01,2017,8,August,166.368
Illinois,2017-09-01,2017,9,September,4439.484
Illinois,2017-10-01,2017,10,October,104.036
Illinois,2017-11-01,2017,11,November,796.208
Illinois,2017-12-01,2017,12,December,1238.948
Illinois,2018-01-01,2018,1,January,2428.783
Illinois,2018-02-01,2018,2,February,1824.9099999999999
Illinois,2018-03-01,2018,3,March,1429.942
Illinois,2018-04-01,2018,4,April,1120.916
Illinois,2018-05-01,2018,5,May,861.8470000000001
Illinois,2018-06-01,2018,6,June,2852.339
Illinois,2018-07-01,2018,7,July,1521.144
Illinois,2018-08-01,2018,8,August,516.532
Illinois,2018-09-01,2018,9,September,4069.581
Illinois,2018-10-01,2018,10,October,2092.668
Illinois,2018-11-01,2018,11,November,1227.3709999999999
Illinois,2018-12-01,2018,12,December,3902.01
Indiana,2015-02-01,2015,2,February,82.63
Indiana,2015-03-01,2015,3,March,16.28
Indiana,2015-04-01,2015,4,April,32.4
Indiana,2015-05-01,2015,5,May,0.0
Indiana,2015-06-01,2015,6,June,647.84
Indiana,2015-07-01,2015,7,July,0.0
Indiana,2015-08-01,2015,8,August,0.0
Indiana,2015-09-01,2015,9,September,0.0
Indiana,2015-10-01,2015,10,October,464.2
Indiana,2015-11-01,2015,11,November,372.62
Indiana,2015-12-01,2015,12,December,1314.9
Indiana,2016-01-01,2016,1,January,0.0
Indiana,2016-02-01,2016,2,February,0.0
Indiana,2016-03-01,2016,3,March,196.64999999999998
Indiana,2016-04-01,2016,4,April,209.55
Indiana,2016-05-01,2016,5,May,138.32
Indiana,2016-06-01,2016,6,June,24.56
Indiana,2016-07-01,2016,7,July,1238.33
Indiana,2016-08-01,2016,8,August,11.36
Indiana,2016-09-01,2016,9,September,1931.3400000000001
Indiana,2016-10-01,2016,10,October,412.24
Indiana,2016-11-01,2016,11,November,1443.97
Indiana,2016-12-01,2016,12,December,1034.0
Indiana,2017-01-01,2017,1,January,0.0
Indiana,2017-02-01,2017,2,February,0.0
Indiana,2017-03-01,2017,3,March,285.73
Indiana,2017-04-01,2017,4,April,331.08
Indiana,2017-05-01,2017,5,May,21.4
Indiana,2017-06-01,2017,6,June,440.91
Indiana,2017-07-01,2017,7,July,0.0
Indiana,2017-08-01,2017,8,August,0.0
Indiana,2017-09-01,2017,9,September,238.11
Indiana,2017-10-01,2017,10,October,18448.49
Indiana,2017-11-01,2017,11,November,3641.91
Indiana,2017-12-01,2017,12,December,2054.15
Indiana,2018-01-01,2018,1,January,0.0
Indiana,2018-02-01,2018,2,February,0.0
Indiana,2018-03-01,2018,3,March,367.49
Indiana,2018-04-01,2018,4,April,155.34
Indiana,2018-05-01,2018,5,May,2751.9700000000003
Indiana,2018-06-01,2018,6,June,526.45
Indiana,2018-07-01,2018,7,July,1337.71
Indiana,2018-08-01,2018,8,August,2800.6600000000003
Indiana,2018-09-01,2018,9,September,0.0
Indiana,2018-10-01,2018,10,October,909.12
Indiana,2018-11-01,2018,11,November,3980.31
Indiana,2018-12-01,2018,12,December,856.38
Iowa,2015-03-01,2015,3,March,1190.84
Iowa,2015-04-01,2015,4,April,0.0
Iowa,2015-05-01,2015,5,May,0.0
Iowa,2015-06-01,2015,6,June,0.0
Iowa,2015-07-01,2015,7,July,0.0
Iowa,2015-08-01,2015,8,August,0.0
Iowa,2015-09-01,2015,9,September,0.0
Iowa,2015-10-01,2015,10,October,0.0
Iowa,2015-11-01,2015,11,November,0.0
Iowa,2015-12-01,2015,12,December,0.0
Iowa,2016-01-01,2016,1,January,0.0
Iowa,2016-02-01,2016,2,February,0.0
Iowa,2016-03-01,2016,3,March,0.0
Iowa,2016-04-01,2016,4,April,0.0
Iowa,2016-05-01,2016,5,May,0.0
Iowa,2016-06-01,2016,6,June,0.0
Iowa,2016-07-01,2016,7,July,0.0
Iowa,2016-08-01,2016,8,August,0.0
Iowa,2016-09-01,2016,9,September,1449.24
Iowa,2016-10-01,2016,10,October,0.0
Iowa,2016-11-01,2016,11,November,263.96
Iowa,2016-12-01,2016,12,December,0.0
Iowa,2017-01-01,2017,1,January,0.0
Iowa,2017-02-01,2017,2,February,0.0
Iowa,2017-03-01,2017,3,March,0.0
Iowa,2017-04-01,2017,4,April,0.0
Iowa,2017-05-01,2017,5,May,0.0
Iowa,2017-06-01,2017,6,June,0.0
Iowa,2017-07-01,2017,7,July,0.0
Iowa,2017-08-01,2017,8,August,6.48
Iowa,2017-09-01,2017,9,September,288.39
Iowa,2017-10-01,2017,10,October,0.0
Iowa,2017-11-01,2017,11,November,548.6
Iowa,2017-12-01,2017,12,December,115.84
Iowa,2018-01-01,2018,1,January,340.22
Iowa,2018-02-01,2018,2,February,0.0
Iowa,2018-03-01,2018,3,March,0.0
Iowa,2018-04-01,2018,4,April,106.32
Iowa,2018-05-01,2018,5,May,0.0
Iowa,2018-06-01,2018,6,June,0.0
Iowa,2018-07-01,2018,7,July,30.32
Iowa,2018-08-01,2018,8,August,0.0
Iowa,2018-09-01,2018,9,September,0.0
Iowa,2018-10-01,2018,10,October,0.0
Iowa,2018-11-01,2018,11,November,45.92
Iowa,2018-12-01,2018,12,December,57.43
Kansas,2015-09-01,2015,9,September,787.8499999999999
Kansas,2015-10-01,2015,10,October,257.98
Kansas,2015-11-01,2015,11,November,273.96
Kansas,2015-12-01,2015,12,December,0.0
Kansas,2016-01-01,2016,1,January,0.0
Kansas,2016-02-01,2016,2,February,21.11
Kansas,2016-03-01,2016,3,March,0.0
Kansas,2016-04-01,2016,4,April,0.0
Kansas,2016-05-01,2016,5,May,149.2
Kansas,2016-06-01,2016,6,June,0.0
Kansas,2016-07-01,2016,7,July,0.0
Kansas,2016-08-01,2016,8,August,0.0
Kansas,2016-09-01,2016,9,September,0.0
Kansas,2016-10-01,2016,10,October,0.0
Kansas,2016-11-01,2016,11,November,0.0
Kansas,2016-12-01,2016,12,December,0.0
Kansas,2017-01-01,2017,1,January,0.0
Kansas,2017-02-01,2017,2,February,0.0
Kansas,2017-03-01,2017,3,March,0.0
Kansas,2017-04-01,2017,4,April,0.0
Kansas,2017-05-01,2017,5,May,0.0
Kansas,2017-06-01,2017,6,June,18.9
Kansas,2017-07-01,2017,7,July,0.0
Kansas,2017-08-01,2017,8,August,0.0
Kansas,2017-09-01,2017,9,September,332.69
Kansas,2017-10-01,2017,10,October,0.0
Kansas,2017-11-01,2017,11,November,186.95
Kansas,2017-12-01,2017,12,December,152.51999999999998
Kansas,2018-01-01,2018,1,January,279.9
Kansas,2018-02-01,2018,2,February,0.0
Kansas,2018-03-01,2018,3,March,0.0
Kansas,2018-04-01,2018,4,April,0.0
Kansas,2018-05-01,2018,5,May,0.0
Kansas,2018-06-01,2018,6,June,0.0
Kansas,2018-07-01,2018,7,July,373.94
Kansas,2018-08-01,2018,8,August,0.0
Kansas,2018-09-01,2018,9,September,0.0
Kansas,2018-10-01,2018,10,October,0.0
Kansas,2018-11-01,2018,11,November,79.31
Kentucky,2015-01-01,2015,1,January,4374.88
Kentucky,2015-02-01,2015,2,February,0.0
Kentucky,2015-03-01,2015,3,March,782.6300000000001
Kentucky,2015-04-01,2015,4,April,1829.79
Kentucky,2015-05-01,2015,5,May,199.25
Kentucky,2015-06-01,2015,6,June,0.0
Kentucky,2015-07-01,2015,7,July,0.0
Kentucky,2015-08-01,2015,8,August,25.5
Kentucky,2015-09-01,2015,9,September,0.0
Kentucky,2015-10-01,2015,10,October,0.0
Kentucky,2015-11-01,2015,11,November,940.66
Kentucky,2015-12-01,2015,12,December,12.39
Kentucky,2016-01-01,2016,1,January,364.07
Kentucky,2016-02-01,2016,2,February,0.0
Kentucky,2016-03-01,2016,3,March,0.0
Kentucky,2016-04-01,2016,4,April,893.0899999999999
Kentucky,2016-05-01,2016,5,May,94.49000000000001
Kentucky,2016-06-01,2016,6,June,0.0
Kentucky,2016-07-01,2016,7,July,921.83
Kentucky,2016-08-01,2016,8,August,3801.21
Kentucky,2016-09-01,2016,9,September,0.0
Kentucky,2016-10-01,2016,10,October,476.17
Kentucky,2016-11-01,2016,11,November,89.36
Kentucky,2016-12-01,2016,12,December,1033.3400000000001
Kentucky,2017-01-01,2017,1,January,0.0
Kentucky,2017-02-01,2017,2,February,1190.28
Kentucky,2017-03-01,2017,3,March,0.0
Kentucky,2017-04-01,2017,4,April,0.0
Kentucky,2017-05-01,2017,5,May,79.14
Kentucky,2017-06-01,2017,6,June,0.0
Kentucky,2017-07-01,2017,7,July,140.81
Kentucky,2017-08-01,2017,8,August,0.0
Kentucky,2017-09-01,2017,9,September,305.02
Kentucky,2017-10-01,2017,10,October,0.0
Kentucky,2017-11-01,2017,11,November,1908.4100000000003
Kentucky,2017-12-01,2017,12,December,1479.23
Kentucky,2018-01-01,2018,1,January,0.0
Kentucky,2018-02-01,2018,2,February,0.0
Kentucky,2018-03-01,2018,3,March,805.73
Kentucky,2018-04-01,2018,4,April,0.0
Kentucky,2018-05-01,2018,5,May,832.5100000000001
Kentucky,2018-06-01,2018,6,June,740.5899999999999
Kentucky,2018-07-01,2018,7,July,0.0
Kentucky,2018-08-01,2018,8,August,214.85000000000002
Kentucky,2018-09-01,2018,9,September,1787.8200000000002
Kentucky,2018-10-01,2018,10,October,678.29
Kentucky,2018-11-01,2018,11,November,6343.469999999999
Kentucky,2018-12-01,2018,12,December,4113.58
Louisiana,2015-01-01,2015,1,January,1287.26
Louisiana,2015-02-01,2015,2,February,0.0
Louisiana,2015-03-01,2015,3,March,0.0
Louisiana,2015-04-01,2015,4,April,434.83000000000004
Louisiana,2015-05-01,2015,5,May,0.0
Louisiana,2015-06-01,2015,6,June,0.0
Louisiana,2015-07-01,2015,7,July,0.0
Louisiana,2015-08-01,2015,8,August,0.0
Louisiana,2015-09-01,2015,9,September,0.0
Louisiana,2015-10-01,2015,10,October,129.92
Louisiana,2015-11-01,2015,11,November,682.91
Louisiana,2015-12-01,2015,12,December,0.0
Louisiana,2016-01-01,2016,1,January,0.0
Louisiana,2016-02-01,2016,2,February,0.0
Louisiana,2016-03-01,2016,3,March,0.0
Louisiana,2016-04-01,2016,4,April,106.5
Louisiana,2016-05-01,2016,5,May,0.0
Louisiana,2016-06-01,2016,6,June,207.82
Louisiana,2016-07-01,2016,7,July,0.0
Louisiana,2016-08-01,2016,8,August,0.0
Louisiana,2016-09-01,2016,9,September,517.5
Louisiana,2016-10-01,2016,10,October,0.0
Louisiana,2016-11-01,2016,11,November,0.0
Louisiana,2016-12-01,2016,12,December,0.0
Louisiana,2017-01-01,2017,1,January,0.0
Louisiana,2017-02-01,2017,2,February,0.0
Louisiana,2017-03-01,2017,3,March,12.96
Louisiana,2017-04-01,2017,4,April,0.0
Louisiana,2017-05-01,2017,5,May,0.0
Louisiana,2017-06-01,2017,6,June,0.0
Louisiana,2017-07-01,2017,7,July,73.2
Louisiana,2017-08-01,2017,8,August,89.32000000000001
Louisiana,2017-09-01,2017,9,September,87.28
Louisiana,2017-10-01,2017,10,October,0.0
Louisiana,2017-11-01,2017,11,November,0.0
Louisiana,2017-12-01,2017,12,December,0.0
Louisiana,2018-01-01,2018,1,January,0.0
Louisiana,2018-02-01,2018,2,February,29.16
Louisiana,2018-03-01,2018,3,March,0.0
Louisiana,2018-04-01,2018,4,April,0.0
Louisiana,2018-05-01,2018,5,May,253.86
Louisiana,2018-06-01,2018,6,June,0.0
Louisiana,2018-07-01,2018,7,July,0.0
Louisiana,2018-08-01,2018,8,August,1298.55
Louisiana,2018-09-01,2018,9,September,0.0
Louisiana,2018-10-01,2018,10,October,1541.51
Louisiana,2018-11-01,2018,11,November,0.0
Louisiana,2018-12-01,2018,12,December,2378.47
Maine,2015-08-01,2015,8,August,617.12
Maine,2015-09-01,2015,9,September,0.0
Maine,2015-10-01,2015,10,October,0.0
Maine,2015-11-01,2015,11,November,0.0
Maine,2015-12-01,2015,12,December,0.0
Maine,2016-01-01,2016,1,January,0.0
Maine,2016-02-01,2016,2,February,0.0
Maine,2016-03-01,2016,3,March,0.0
Maine,2016-04-01,2016,4,April,0.0
Maine,2016-05-01,2016,5,May,0.0
Maine,2016-06-01,2016,6,June,106.08000000000001
Maine,2016-07-01,2016,7,July,0.0
Maine,2016-08-01,2016,8,August,0.0
Maine,2016-09-01,2016,9,September,0.0
Maine,2016-10-01,2016,10,October,0.0
Maine,2016-11-01,2016,11,November,0.0
Maine,2016-12-01,2016,12,December,0.0
Maine,2017-01-01,2017,1,January,0.0
Maine,2017-02-01,2017,2,February,0.0
Maine,2017-03-01,2017,3,March,0.0
Maine,2017-04-01,2017,4,April,0.0
Maine,2017-05-01,2017,5,May,0.0
Maine,2017-06-01,2017,6,June,0.0
Maine,2017-07-01,2017,7,July,0.0
Maine,2017-08-01,2017,8,August,0.0
Maine,2017-09-01,2017,9,September,547.33
Maryland,2015-04-01,2015,4,April,534.7900000000001
Maryland,2015-05-01,2015,5,May,116.28
Maryland,2015-06-01,2015,6,June,0.0
Maryland,2015-07-01,2015,7,July,0.0
Maryland,2015-08-01,2015,8,August,0.0
Maryland,2015-09-01,2015,9,September,587.14
Maryland,2015-10-01,2015,10,October,0.0
Maryland,2015-11-01,2015,11,November,0.0
Maryland,2015-12-01,2015,12,December,463.04
Maryland,2016-01-01,2016,1,January,0.0
Maryland,2016-02-01,2016,2,February,2541.98
Maryland,2016-03-01,2016,3,March,89.82
Maryland,2016-04-01,2016,4,April,0.0
Maryland,2016-05-01,2016,5,May,0.0
Maryland,2016-06-01,2016,6,June,0.0
Maryland,2016-07-01,2016,7,July,1433.57
Maryland,2016-08-01,2016,8,August,77.58
Maryland,2016-09-01,2016,9,September,2503.82
Maryland,2016-10-01,2016,10,October,26.82
Maryland,2016-11-01,2016,11,November,0.0
Maryland,2016-12-01,2016,12,December,1169.52
Maryland,2017-01-01,2017,1,January,405.91999999999996
Maryland,2017-02-01,2017,2,February,664.221
Maryland,2017-03-01,2017,3,March,2073.35
Maryland,2017-04-01,2017,4,April,25.06
Maryland,2017-05-01,2017,5,May,0.0
Maryland,2017-06-01,2017,6,June,0.0
Maryland,2017-07-01,2017,7,July,122.34
Maryland,2017-08-01,2017,8,August,0.0
Maryland,2017-09-01,2017,9,September,430.94
Maryland,2017-10-01,2017,10,October,337.53200000000004
Maryland,2017-11-01,2017,11,November,297.73
Maryland,2017-12-01,2017,12,December,352.47
Maryland,2018-01-01,2018,1,January,0.0
Maryland,2018-02-01,2018,2,February,58.85
Maryland,2018-03-01,2018,3,March,223.38
Maryland,2018-04-01,2018,4,April,908.82
Maryland,2018-05-01,2018,5,May,634.18
Maryland,2018-06-01,2018,6,June,0.0
Maryland,2018-07-01,2018,7,July,89.95
Maryland,2018-08-01,2018,8,August,2411.8
Maryland,2018-09-01,2018,9,September,390.49
Maryland,2018-10-01,2018,10,October,57.64
Maryland,2018-11-01,2018,11,November,4676.49
Massachusetts,2015-04-01,2015,4,April,73.19999999999999
Massachusetts,2015-05-01,2015,5,May,2503.0860000000002
Massachusetts,2015-06-01,2015,6,June,0.0
Massachusetts,2015-07-01,2015,7,July,0.0
Massachusetts,2015-08-01,2015,8,August,0.0
Massachusetts,2015-09-01,2015,9,September,2350.63
Massachusetts,2015-10-01,2015,10,October,1885.27
Massachusetts,2015-11-01,2015,11,November,0.0
Massachusetts,2015-12-01,2015,12,December,3087.92
Massachusetts,2016-01-01,2016,1,January,6.68
Massachusetts,2016-02-01,2016,2,February,25.869999999999997
Massachusetts,2016-03-01,2016,3,March,0.0
Massachusetts,2016-04-01,2016,4,April,281.15999999999997
Massachusetts,2016-05-01,2016,5,May,0.0
Massachusetts,2016-06-01,2016,6,June,0.0
Massachusetts,2016-07-01,2016,7,July,431.48
Massachusetts,2016-08-01,2016,8,August,653.64
Massachusetts,2016-09-01,2016,9,September,3347.02
Massachusetts,2016-10-01,2016,10,October,334.43
Massachusetts,2016-11-01,2016,11,November,1466.188
Massachusetts,2016-12-01,2016,12,December,79.52000000000001
Massachusetts,2017-01-01,2017,1,January,0.0
Massachusetts,2017-02-01,2017,2,February,0.0
Massachusetts,2017-03-01,2017,3,March,475.53
Massachusetts,2017-04-01,2017,4,April,0.0
Massachusetts,2017-05-01,2017,5,May,0.0
Massachusetts,2017-06-01,2017,6,June,819.8199999999999
Massachusetts,2017-07-01,2017,7,July,0.0
Massachusetts,2017-08-01,2017,8,August,549.775
Massachusetts,2017-09-01,2017,9,September,395.34000000000003
Massachusetts,2017-10-01,2017,10,October,0.0
Massachusetts,2017-11-01,2017,11,November,0.0
Massachusetts,2017-12-01,2017,12,December,1724.799
Massachusetts,2018-01-01,2018,1,January,12.7
Massachusetts,2018-02-01,2018,2,February,0.0
Massachusetts,2018-03-01,2018,3,March,160.53
Massachusetts,2018-04-01,2018,4,April,0.0
Massachusetts,2018-05-01,2018,5,May,87.6
Massachusetts,2018-06-01,2018,6,June,0.0
Massachusetts,2018-07-01,2018,7,July,328.53999999999996
Massachusetts,2018-08-01,2018,8,August,1959.324
Massachusetts,2018-09-01,2018,9,September,1926.4
Massachusetts,2018-10-01,2018,10,October,111.19
Massachusetts,2018-11-01,2018,11,November,281.63
Massachusetts,2018-12-01,2018,12,December,3275.162
Michigan,2015-01-01,2015,1,January,949.116
Michigan,2015-02-01,2015,2,February,0.0
Michigan,2015-03-01,2015,3,March,22.38
Michigan,2015-04-01,2015,4,April,855.44
Michigan,2015-05-01,2015,5,May,104.22
Michigan,2015-06-01,2015,6,June,929.9300000000001
Michigan,2015-07-01,2015,7,July,0.0
Michigan,2015-08-01,2015,8,August,1129.165
Michigan,2015-09-01,2015,9,September,103.6
Michigan,2015-10-01,2015,10,October,211.96
Michigan,2015-11-01,2015,11,November,1742.4
Michigan,2015-12-01,2015,12,December,124.04
Michigan,2016-01-01,2016,1,January,0.0
Michigan,2016-02-01,2016,2,February,79.36
Michigan,2016-03-01,2016,3,March,0.0
Michigan,2016-04-01,2016,4,April,5454.267999999999
Michigan,2016-05-01,2016,5,May,925.83
Michigan,2016-06-01,2016,6,June,829.33
Michigan,2016-07-01,2016,7,July,19.0
Michigan,2016-08-01,2016,8,August,957.8800000000001
Michigan,2016-09-01,2016,9,September,270.13
Michigan,2016-10-01,2016,10,October,1971.7430000000002
Michigan,2016-11-01,2016,11,November,3211.478
Michigan,2016-12-01,2016,12,December,3124.66
Michigan,2017-01-01,2017,1,January,0.0
Michigan,2017-02-01,2017,2,February,0.0
Michigan,2017-03-01,2017,3,March,221.044
Michigan,2017-04-01,2017,4,April,523.18
Michigan,2017-05-01,2017,5,May,3963.57
Michigan,2017-06-01,2017,6,June,925.94
Michigan,2017-07-01,2017,7,July,2578.79
Michigan,2017-08-01,2017,8,August,1172.76
Michigan,2017-09-01,2017,9,September,1264.18
Michigan,2017-10-01,2017,10,October,448.62
Michigan,2017-11-01,2017,11,November,3456.532
Michigan,2017-12-01,2017,12,December,12731.879
Michigan,2018-01-01,2018,1,January,10313.495
Michigan,2018-02-01,2018,2,February,0.0
Michigan,2018-03-01,2018,3,March,1237.72
Michigan,2018-04-01,2018,4,April,1242.52
Michigan,2018-05-01,2018,5,May,2090.8140000000003
Michigan,2018-06-01,2018,6,June,1184.86
Michigan,2018-07-01,2018,7,July,0.0
Michigan,2018-08-01,2018,8,August,53.72
Michigan,2018-09-01,2018,9,September,4285.43
Michigan,2018-10-01,2018,10,October,361.17
Michigan,2018-11-01,2018,11,November,1024.11
Michigan,2018-12-01,2018,12,December,4039.81
Minnesota,2015-03-01,2015,3,March,379.22
Minnesota,2015-04-01,2015,4,April,0.0
Minnesota,2015-05-01,2015,5,May,0.0
Minnesota,2015-06-01,2015,6,June,4409.38
Minnesota,2015-07-01,2015,7,July,0.0
Minnesota,2015-08-01,2015,8,August,0.0
Minnesota,2015-09-01,2015,9,September,9900.19
Minnesota,2015-10-01,2015,10,October,0.0
Minnesota,2015-11-01,2015,11,November,1050.18
Minnesota,2015-12-01,2015,12,December,144.35999999999999
Minnesota,2016-01-01,2016,1,January,171.5
Minnesota,2016-02-01,2016,2,February,0.0
Minnesota,2016-03-01,2016,3,March,0.0
Minnesota,2016-04-01,2016,4,April,0.0
Minnesota,2016-05-01,2016,5,May,3113.75
Minnesota,2016-06-01,2016,6,June,0.0
Minnesota,2016-07-01,2016,7,July,155.88
Minnesota,2016-08-01,2016,8,August,74.94
Minnesota,2016-09-01,2016,9,September,43.0
Minnesota,2016-10-01,2016,10,October,0.0
Minnesota,2016-11-01,2016,11,November,2165.12
Minnesota,2016-12-01,2016,12,December,0.0
Minnesota,2017-01-01,2017,1,January,0.0
Minnesota,2017-02-01,2017,2,February,0.0
Minnesota,2017-03-01,2017,3,March,63.44
Minnesota,2017-04-01,2017,4,April,0.0
Minnesota,2017-05-01,2017,5,May,0.0
Minnesota,2017-06-01,2017,6,June,692.94
Minnesota,2017-07-01,2017,7,July,0.0
Minnesota,2017-08-01,2017,8,August,0.0
Minnesota,2017-09-01,2017,9,September,613.29
Minnesota,2017-10-01,2017,10,October,0.0
Minnesota,2017-11-01,2017,11,November,0.0
Minnesota,2017-12-01,2017,12,December,157.71
Minnesota,2018-01-01,2018,1,January,0.0
Minnesota,2018-02-01,2018,2,February,90.64
Minnesota,2018-03-01,2018,3,March,375.71
Minnesota,2018-04-01,2018,4,April,0.0
Minnesota,2018-05-01,2018,5,May,0.0
Minnesota,2018-06-01,2018,6,June,530.01
Minnesota,2018-07-01,2018,7,July,735.98
Minnesota,2018-08-01,2018,8,August,201.88
Minnesota,2018-09-01,2018,9,September,1630.21
Minnesota,2018-10-01,2018,10,October,1820.13
Minnesota,2018-11-01,2018,11,November,153.46
Minnesota,2018-12-01,2018,12,December,1190.23
Mississippi,2015-03-01,2015,3,March,103.5
Mississippi,2015-04-01,2015,4,April,47.79
Mississippi,2015-05-01,2015,5,May,773.7
Mississippi,2015-06-01,2015,6,June,616.14
Mississippi,2015-07-01,2015,7,July,514.03
Mississippi,2015-08-01,2015,8,August,0.0
Mississippi,2015-09-01,2015,9,September,0.0
Mississippi,2015-10-01,2015,10,October,0.0
Mississippi,2015-11-01,2015,11,November,0.0
Mississippi,2015-12-01,2015,12,December,0.0
Mississippi,2016-01-01,2016,1,January,0.0
Mississippi,2016-02-01,2016,2,February,0.0
Mississippi,2016-03-01,2016,3,March,0.0
Mississippi,2016-04-01,2016,4,April,0.0
Mississippi,2016-05-01,2016,5,May,0.0
Mississippi,2016-06-01,2016,6,June,0.0
Mississippi,2016-07-01,2016,7,July,239.7
Mississippi,2016-08-01,2016,8,August,0.0
Mississippi,2016-09-01,2016,9,September,0.0
Mississippi,2016-10-01,2016,10,October,0.0
Mississippi,2016-11-01,2016,11,November,0.0
Mississippi,2016-12-01,2016,12,December,62.459999999999994
Mississippi,2017-01-01,2017,1,January,31.36
Mississippi,2017-02-01,2017,2,February,264.18
Mississippi,2017-03-01,2017,3,March,451.89
Mississippi,2017-04-01,2017,4,April,0.0
Mississippi,2017-05-01,2017,5,May,798.02
Mississippi,2017-06-01,2017,6,June,0.0
Mississippi,2017-07-01,2017,7,July,3613.97
Mississippi,2017-08-01,2017,8,August,23.34
Mississippi,2017-09-01,2017,9,September,0.0
Mississippi,2017-10-01,2017,10,October,0.0
Mississippi,2017-11-01,2017,11,November,0.0
Mississippi,2017-12-01,2017,12,December,234.01999999999998
Mississippi,2018-01-01,2018,1,January,0.0
Mississippi,2018-02-01,2018,2,February,0.0
Mississippi,2018-03-01,2018,3,March,839.25
Mississippi,2018-04-01,2018,4,April,0.0
Mississippi,2018-05-01,2018,5,May,48.69
Mississippi,2018-06-01,2018,6,June,0.0
Mississippi,2018-07-01,2018,7,July,0.0
Mississippi,2018-08-01,2018,8,August,866.4
Mississippi,2018-09-01,2018,9,September,0.0
Mississippi,2018-10-01,2018,10,October,11.68
Mississippi,2018-11-01,2018,11,November,173.8
Mississippi,2018-12-01,2018,12,December,1057.42
Missouri,2015-02-01,2015,2,February,535.27
Missouri,2015-03-01,2015,3,March,0.0
Missouri,2015-04-01,2015,4,April,0.0
Missouri,2015-05-01,2015,5,May,0.0
Missouri,2015-06-01,2015,6,June,0.0
Missouri,2015-07-01,2015,7,July,0.0
Missouri,2015-08-01,2015,8,August,897.8399999999999
Missouri,2015-09-01,2015,9,September,0.0
Missouri,2015-10-01,2015,10,October,0.0
Missouri,2015-11-01,2015,11,November,111.79
Missouri,2015-12-01,2015,12,December,103.13
Missouri,2016-01-01,2016,1,January,0.0
Missouri,2016-02-01,2016,2,February,0.0
Missouri,2016-03-01,2016,3,March,0.0
Missouri,2016-04-01,2016,4,April,0.0
Missouri,2016-05-01,2016,5,May,0.0
Missouri,2016-06-01,2016,6,June,10.56
Missouri,2016-07-01,2016,7,July,52.59
Missouri,2016-08-01,2016,8,August,241.34
Missouri,2016-09-01,2016,9,September,0.0
Missouri,2016-10-01,2016,10,October,0.0
Missouri,2016-11-01,2016,11,November,1685.15
Missouri,2016-12-01,2016,12,December,4995.570000000001
Missouri,2017-01-01,2017,1,January,0.0
Missouri,2017-02-01,2017,2,February,0.0
Missouri,2017-03-01,2017,3,March,697.16
Missouri,2017-04-01,2017,4,April,86.62
Missouri,2017-05-01,2017,5,May,54.48
Missouri,2017-06-01,2017,6,June,0.0
Missouri,2017-07-01,2017,7,July,589.52
Missouri,2017-08-01,2017,8,August,0.0
Missouri,2017-09-01,2017,9,September,296.51
Missouri,2017-10-01,2017,10,October,2377.56
Missouri,2017-11-01,2017,11,November,119.25999999999999
Missouri,2017-12-01,2017,12,December,0.0
Missouri,2018-01-01,2018,1,January,4619.33
Missouri,2018-02-01,2018,2,February,0.0
Missouri,2018-03-01,2018,3,March,0.0
Missouri,2018-04-01,2018,4,April,131.36
Missouri,2018-05-01,2018,5,May,865.0
Missouri,2018-06-01,2018,6,June,0.0
Missouri,2018-07-01,2018,7,July,0.0
Missouri,2018-08-01,2018,8,August,0.0
Missouri,2018-09-01,2018,9,September,2635.6800000000003
Missouri,2018-10-01,2018,10,October,0.0
Missouri,2018-11-01,2018,11,November,260.0
Missouri,2018-12-01,2018,12,December,839.43
Montana,2015-04-01,2015,4,April,410.104
Montana,2015-05-01,2015,5,May,0.0
Montana,2015-06-01,2015,6,June,0.0
Montana,2015-07-01,2015,7,July,6.096
Montana,2015-08-01,2015,8,August,8.288
Montana,2015-09-01,2015,9,September,0.0
Montana,2015-10-01,2015,10,October,0.0
Montana,2015-11-01,2015,11,November,0.0
Montana,2015-12-01,2015,12,December,0.0
Montana,2016-01-01,2016,1,January,43.66
Montana,2016-02-01,2016,2,February,0.0
Montana,2016-03-01,2016,3,March,0.0
Montana,2016-04-01,2016,4,April,0.0
Montana,2016-05-01,2016,5,May,0.0
Montana,2016-06-01,2016,6,June,0.0
Montana,2016-07-01,2016,7,July,0.0
Montana,2016-08-01,2016,8,August,0.0
Montana,2016-09-01,2016,9,September,0.0
Montana,2016-10-01,2016,10,October,0.0
Montana,2016-11-01,2016,11,November,403.94
Montana,2016-12-01,2016,12,December,487.984
Montana,2017-01-01,2017,1,January,0.0
Montana,2017-02-01,2017,2,February,0.0
Montana,2017-03-01,2017,3,March,0.0
Montana,2017-04-01,2017,4,April,0.0
Montana,2017-05-01,2017,5,May,0.0
Montana,2017-06-01,2017,6,June,0.0
Montana,2017-07-01,2017,7,July,0.0
Montana,2017-08-01,2017,8,August,0.0
Montana,2017-09-01,2017,9,September,0.0
Montana,2017-10-01,2017,10,October,0.0
Montana,2017-11-01,2017,11,November,0.0
Montana,2017-12-01,2017,12,December,0.0
Montana,2018-01-01,2018,1,January,4189.38
Montana,2018-02-01,2018,2,February,0.0
Montana,2018-03-01,2018,3,March,0.0
Montana,2018-04-01,2018,4,April,0.0
Montana,2018-05-01,2018,5,May,0.0
Montana,2018-06-01,2018,6,June,0.0
Montana,2018-07-01,2018,7,July,0.0
Montana,2018-08-01,2018,8,August,0.0
Montana,2018-09-01,2018,9,September,39.9
Nebraska,2015-07-01,2015,7,July,35.98
Nebraska,2015-08-01,2015,8,August,0.0
Nebraska,2015-09-01,2015,9,September,68.71000000000001
Nebraska,2015-10-01,2015,10,October,15.36
Nebraska,2015-11-01,2015,11,November,89.97
Nebraska,2015-12-01,2015,12,December,0.0
Nebraska,2016-01-01,2016,1,January,0.0
Nebraska,2016-02-01,2016,2,February,178.37
Nebraska,2016-03-01,2016,3,March,0.0
Nebraska,2016-04-01,2016,4,April,17.43
Nebraska,2016-05-01,2016,5,May,0.0
Nebraska,2016-06-01,2016,6,June,269.98
Nebraska,2016-07-01,2016,7,July,0.0
Nebraska,2016-08-01,2016,8,August,0.0
Nebraska,2016-09-01,2016,9,September,0.0
Nebraska,2016-10-01,2016,10,October,0.0
Nebraska,2016-11-01,2016,11,November,0.0
Nebraska,2016-12-01,2016,12,December,128.36
Nebraska,2017-01-01,2017,1,January,0.0
Nebraska,2017-02-01,2017,2,February,0.0
Nebraska,2017-03-01,2017,3,March,0.0
Nebraska,2017-04-01,2017,4,April,29.05
Nebraska,2017-05-01,2017,5,May,0.0
Nebraska,2017-06-01,2017,6,June,0.0
Nebraska,2017-07-01,2017,7,July,0.0
Nebraska,2017-08-01,2017,8,August,0.0
Nebraska,2017-09-01,2017,9,September,2374.73
Nebraska,2017-10-01,2017,10,October,0.0
Nebraska,2017-11-01,2017,11,November,0.0
Nebraska,2017-12-01,2017,12,December,677.6400000000001
Nebraska,2018-01-01,2018,1,January,0.0
Nebraska,2018-02-01,2018,2,February,0.0
Nebraska,2018-03-01,2018,3,March,0.0
Nebraska,2018-04-01,2018,4,April,0.0
Nebraska,2018-05-01,2018,5,May,23.55
Nebraska,2018-06-01,2018,6,June,73.97
Nebraska,2018-07-01,2018,7,July,79.96
Nebraska,2018-08-01,2018,8,August,0.0
Nebraska,2018-09-01,2018,9,September,15.96
Nebraska,2018-10-01,2018,10,October,104.85
Nebraska,2018-11-01,2018,11,November,0.0
Nebraska,2018-12-01,2018,12,December,3281.06
Nevada,2015-01-01,2015,1,January,40.08
Nevada,2015-02-01,2015,2,February,14.56
Nevada,2015-03-01,2015,3,March,0.0
Nevada,2015-04-01,2015,4,April,0.0
Nevada,2015-05-01,2015,5,May,0.0
Nevada,2015-06-01,2015,6,June,134.6
Nevada,2015-07-01,2015,7,July,1891.316
Nevada,2015-08-01,2015,8,August,0.0
Nevada,2015-09-01,2015,9,September,0.0
Nevada,2015-10-01,2015,10,October,4.71
Nevada,2015-11-01,2015,11,November,0.0
Nevada,2015-12-01,2015,12,December,475.944
Nevada,2016-01-01,2016,1,January,0.0
Nevada,2016-02-01,2016,2,February,0.0
Nevada,2016-03-01,2016,3,March,0.0
Nevada,2016-04-01,2016,4,April,0.0
Nevada,2016-05-01,2016,5,May,0.0
Nevada,2016-06-01,2016,6,June,0.0
Nevada,2016-07-01,2016,7,July,0.0
Nevada,2016-08-01,2016,8,August,0.0
Nevada,2016-09-01,2016,9,September,45.584
Nevada,2016-10-01,2016,10,October,79.36
Nevada,2016-11-01,2016,11,November,345.968
Nevada,2016-12-01,2016,12,December,1477.55
Nevada,2017-01-01,2017,1,January,0.0
Nevada,2017-02-01,2017,2,February,0.0
Nevada,2017-03-01,2017,3,March,58.58
Nevada,2017-04-01,2017,4,April,0.0
Nevada,2017-05-01,2017,5,May,4088.0080000000003
Nevada,2017-06-01,2017,6,June,0.0
Nevada,2017-07-01,2017,7,July,86.2
Nevada,2017-08-01,2017,8,August,0.0
Nevada,2017-09-01,2017,9,September,0.0
Nevada,2017-10-01,2017,10,October,4685.076
Nevada,2017-11-01,2017,11,November,0.0
Nevada,2017-12-01,2017,12,December,163.408
Nevada,2018-01-01,2018,1,January,0.0
Nevada,2018-02-01,2018,2,February,0.0
Nevada,2018-03-01,2018,3,March,0.0
Nevada,2018-04-01,2018,4,April,196.45
Nevada,2018-05-01,2018,5,May,1196.316
Nevada,2018-06-01,2018,6,June,75.792
Nevada,2018-07-01,2018,7,July,0.0
Nevada,2018-08-01,2018,8,August,0.0
Nevada,2018-09-01,2018,9,September,0.0
Nevada,2018-10-01,2018,10,October,0.0
Nevada,2018-11-01,2018,11,November,0.0
Nevada,2018-12-01,2018,12,December,1669.6
New Hampshire,2015-05-01,2015,5,May,211.66000000000003
New Hampshire,2015-06-01,2015,6,June,0.0
New Hampshire,2015-07-01,2015,7,July,0.0
New Hampshire,2015-08-01,2015,8,August,0.0
New Hampshire,2015-09-01,2015,9,September,0.0
New Hampshire,2015-10-01,2015,10,October,292.82
New Hampshire,2015-11-01,2015,11,November,0.0
New Hampshire,2015-12-01,2015,12,December,0.0
New Hampshire,2016-01-01,2016,1,January,0.0
New Hampshire,2016-02-01,2016,2,February,35.88
New Hampshire,2016-03-01,2016,3,March,688.46
New Hampshire,2016-04-01,2016,4,April,0.0
New Hampshire,2016-05-01,2016,5,May,0.0
New Hampshire,2016-06-01,2016,6,June,0.0
New Hampshire,2016-07-01,2016,7,July,0.0
New Hampshire,2016-08-01,2016,8,August,0.0
New Hampshire,2016-09-01,2016,9,September,68.62
New Hampshire,2016-10-01,2016,10,October,34.44
New Hampshire,2016-11-01,2016,11,November,0.0
New Hampshire,2016-12-01,2016,12,December,3517.634
New Hampshire,2017-01-01,2017,1,January,724.55
New Hampshire,2017-02-01,2017,2,February,0.0
New Hampshire,2017-03-01,2017,3,March,159.98
New Hampshire,2017-04-01,2017,4,April,0.0
New Hampshire,2017-05-01,2017,5,May,0.0
New Hampshire,2017-06-01,2017,6,June,0.0
New Hampshire,2017-07-01,2017,7,July,0.0
New Hampshire,2017-08-01,2017,8,August,27.93
New Hampshire,2017-09-01,2017,9,September,0.0
New Hampshire,2017-10-01,2017,10,October,0.0
New Hampshire,2017-11-01,2017,11,November,0.0
New Hampshire,2017-12-01,2017,12,December,21.12
New Hampshire,2018-01-01,2018,1,January,0.0
New Hampshire,2018-02-01,2018,2,February,0.0
New Hampshire,2018-03-01,2018,3,March,0.0
New Hampshire,2018-04-01,2018,4,April,0.0
New Hampshire,2018-05-01,2018,5,May,247.44
New Hampshire,2018-06-01,2018,6,June,0.0
New Hampshire,2018-07-01,2018,7,July,102.3
New Hampshire,2018-08-01,2018,8,August,1077.47
New Hampshire,2018-09-01,2018,9,September,82.22
New Jersey,2015-02-01,2015,2,February,115.36
New Jersey,2015-03-01,2015,3,March,0.0
New Jersey,2015-04-01,2015,4,April,0.0
New Jersey,2015-05-01,2015,5,May,0.0
New Jersey,2015-06-01,2015,6,June,1661.3700000000001
New Jersey,2015-07-01,2015,7,July,1448.18
New Jersey,2015-08-01,2015,8,August,196.21
New Jersey,2015-09-01,2015,9,September,424.36
New Jersey,2015-10-01,2015,10,October,264.92
New Jersey,2015-11-01,2015,11,November,81.88000000000001
New Jersey,2015-12-01,2015,12,December,0.0
New Jersey,2016-01-01,2016,1,January,0.0
New Jersey,2016-02-01,2016,2,February,286.79
New Jersey,2016-03-01,2016,3,March,0.0
New Jersey,2016-04-01,2016,4,April,0.0
New Jersey,2016-05-01,2016,5,May,345.26
New Jersey,2016-06-01,2016,6,June,0.0
New Jersey,2016-07-01,2016,7,July,11.12
New Jersey,2016-08-01,2016,8,August,0.0
New Jersey,2016-09-01,2016,9,September,582.89
New Jersey,2016-10-01,2016,10,October,235.97
New Jersey,2016-11-01,2016,11,November,2643.06
New Jersey,2016-12-01,2016,12,December,0.0
New Jersey,2017-01-01,2017,1,January,370.1
New Jersey,2017-02-01,2017,2,February,227.96
New Jersey,2017-03-01,2017,3,March,244.006
New Jersey,2017-04-01,2017,4,April,9173.130000000001
New Jersey,2017-05-01,2017,5,May,1562.086
New Jersey,2017-06-01,2017,6,June,475.86
New Jersey,2017-07-01,2017,7,July,815.12
New Jersey,2017-08-01,2017,8,August,0.0
New Jersey,2017-09-01,2017,9,September,53.370000000000005
New Jersey,2017-10-01,2017,10,October,1753.0400000000002
New Jersey,2017-11-01,2017,11,November,929.8399999999999
New Jersey,2017-12-01,2017,12,December,2033.41
New Jersey,2018-01-01,2018,1,January,0.0
New Jersey,2018-02-01,2018,2,February,178.20999999999998
New Jersey,2018-03-01,2018,3,March,0.0
New Jersey,2018-04-01,2018,4,April,2727.64
New Jersey,2018-05-01,2018,5,May,283.34000000000003
New Jersey,2018-06-01,2018,6,June,249.79
New Jersey,2018-07-01,2018,7,July,6.48
New Jersey,2018-08-01,2018,8,August,97.84
New Jersey,2018-09-01,2018,9,September,1623.26
New Jersey,2018-10-01,2018,10,October,2408.46
New Jersey,2018-11-01,2018,11,November,46.26
New Jersey,2018-12-01,2018,12,December,1054.4
New Mexico,2015-03-01,2015,3,March,302.376
New Mexico,2015-04-01,2015,4,April,0.0
New Mexico,2015-05-01,2015,5,May,0.0
New Mexico,2015-06-01,2015,6,June,0.0
New Mexico,2015-07-01,2015,7,July,0.0
New Mexico,2015-08-01,2015,8,August,92.52
New Mexico,2015-09-01,2015,9,September,0.0
New Mexico,2015-10-01,2015,10,October,255.85
New Mexico,2015-11-01,2015,11,November,0.0
New Mexico,2015-12-01,2015,12,December,57.266
New Mexico,2016-01-01,2016,1,January,0.0
New Mexico,2016-02-01,2016,2,February,49.12
New Mexico,2016-03-01,2016,3,March,0.0
New Mexico,2016-04-01,2016,4,April,12.88
New Mexico,2016-05-01,2016,5,May,0.0
New Mexico,2016-06-01,2016,6,June,0.0
New Mexico,2016-07-01,2016,7,July,0.0
New Mexico,2016-08-01,2016,8,August,0.0
New Mexico,2016-09-01,2016,9,September,8.4
New Mexico,2016-10-01,2016,10,October,0.0
New Mexico,2016-11-01,2016,11,November,1122.472
New Mexico,2016-12-01,2016,12,December,0.0
New Mexico,2017-01-01,2017,1,January,0.0
New Mexico,2017-02-01,2017,2,February,0.0
New Mexico,2017-03-01,2017,3,March,0.0
New Mexico,2017-04-01,2017,4,April,0.0
New Mexico,2017-05-01,2017,5,May,0.0
New Mexico,2017-06-01,2017,6,June,0.0
New Mexico,2017-07-01,2017,7,July,0.0
New Mexico,2017-08-01,2017,8,August,0.0
New Mexico,2017-09-01,2017,9,September,0.0
New Mexico,2017-10-01,2017,10,October,0.0
New Mexico,2017-11-01,2017,11,November,39.176
New Mexico,2017-12-01,2017,12,December,24.904
New Mexico,2018-01-01,2018,1,January,0.0
New Mexico,2018-02-01,2018,2,February,0.0
New Mexico,2018-03-01,2018,3,March,780.086
New Mexico,2018-04-01,2018,4,April,0.0
New Mexico,2018-05-01,2018,5,May,0.0
New Mexico,2018-06-01,2018,6,June,228.28
New Mexico,2018-07-01,2018,7,July,545.85
New Mexico,2018-08-01,2018,8,August,0.0
New Mexico,2018-09-01,2018,9,September,138.6
New Mexico,2018-10-01,2018,10,October,674.872
New Mexico,2018-11-01,2018,11,November,201.36
New Mexico,2018-12-01,2018,12,December,249.51
New York,2015-01-01,2015,1,January,3.928
New York,2015-02-01,2015,2,February,64.96
New York,2015-03-01,2015,3,March,4936.218
New York,2015-04-01,2015,4,April,490.672
New York,2015-05-01,2015,5,May,1168.624
New York,2015-06-01,2015,6,June,5743.314
New York,2015-07-01,2015,7,July,1054.818
New York,2015-08-01,2015,8,August,988.682
New York,2015-09-01,2015,9,September,16816.423
New York,2015-10-01,2015,10,October,721.0819999999999
New York,2015-11-01,2015,11,November,20499.328
New York,2015-12-01,2015,12,December,11858.018
New York,2016-01-01,2016,1,January,1108.272
New York,2016-02-01,2016,2,February,781.072
New York,2016-03-01,2016,3,March,1188.607
New York,2016-04-01,2016,4,April,1502.592
New York,2016-05-01,2016,5,May,4716.314
New York,2016-06-01,2016,6,June,6133.124000000001
New York,2016-07-01,2016,7,July,7198.792
New York,2016-08-01,2016,8,August,4081.6200000000003
New York,2016-09-01,2016,9,September,16597.588
New York,2016-10-01,2016,10,October,4534.558
New York,2016-11-01,2016,11,November,19625.778000000002
New York,2016-12-01,2016,12,December,9948.038
New York,2017-01-01,2017,1,January,1065.9940000000001
New York,2017-02-01,2017,2,February,2011.888
New York,2017-03-01,2017,3,March,7909.336000000001
New York,2017-04-01,2017,4,April,5107.188
New York,2017-05-01,2017,5,May,6653.224
New York,2017-06-01,2017,6,June,6057.88
New York,2017-07-01,2017,7,July,2513.984
New York,2017-08-01,2017,8,August,4442.332
New York,2017-09-01,2017,9,September,10702.824
New York,2017-10-01,2017,10,October,4461.106
New York,2017-11-01,2017,11,November,6690.280000000001
New York,2017-12-01,2017,12,December,13210.521999999999
New York,2018-01-01,2018,1,January,800.916
New York,2018-02-01,2018,2,February,623.734
New York,2018-03-01,2018,3,March,3915.022
New York,2018-04-01,2018,4,April,1843.998
New York,2018-05-01,2018,5,May,2923.3179999999998
New York,2018-06-01,2018,6,June,10262.72
New York,2018-07-01,2018,7,July,2384.2999999999997
New York,2018-08-01,2018,8,August,6669.652
New York,2018-09-01,2018,9,September,14737.803
New York,2018-10-01,2018,10,October,24715.084000000003
New York,2018-11-01,2018,11,November,18190.242
New York,2018-12-01,2018,12,December,6705.378000000001
North Carolina,2015-03-01,2015,3,March,566.7570000000001
North Carolina,2015-04-01,2015,4,April,341.448
North Carolina,2015-05-01,2015,5,May,0.0
North Carolina,2015-06-01,2015,6,June,333.808
North Carolina,2015-07-01,2015,7,July,0.0
North Carolina,2015-08-01,2015,8,August,202.89600000000002
North Carolina,2015-09-01,2015,9,September,4362.943
North Carolina,2015-10-01,2015,10,October,202.32
North Carolina,2015-11-01,2015,11,November,2514.601
North Carolina,2015-12-01,2015,12,December,95.968
North Carolina,2016-01-01,2016,1,January,4297.644
North Carolina,2016-02-01,2016,2,February,0.0
North Carolina,2016-03-01,2016,3,March,1280.027
North Carolina,2016-04-01,2016,4,April,47.952
North Carolina,2016-05-01,2016,5,May,531.9839999999999
North Carolina,2016-06-01,2016,6,June,0.0
North Carolina,2016-07-01,2016,7,July,275.23400000000004
North Carolina,2016-08-01,2016,8,August,110.83200000000001
North Carolina,2016-09-01,2016,9,September,354.812
North Carolina,2016-10-01,2016,10,October,7.38
North Carolina,2016-11-01,2016,11,November,1069.439
North Carolina,2016-12-01,2016,12,December,582.994
North Carolina,2017-01-01,2017,1,January,2082.812
North Carolina,2017-02-01,2017,2,February,1127.976
North Carolina,2017-03-01,2017,3,March,187.61599999999999
North Carolina,2017-04-01,2017,4,April,1178.524
North Carolina,2017-05-01,2017,5,May,1554.298
North Carolina,2017-06-01,2017,6,June,0.0
North Carolina,2017-07-01,2017,7,July,1102.34
North Carolina,2017-08-01,2017,8,August,929.1999999999999
North Carolina,2017-09-01,2017,9,September,2168.749
North Carolina,2017-10-01,2017,10,October,735.287
North Carolina,2017-11-01,2017,11,November,1843.7559999999999
North Carolina,2017-12-01,2017,12,December,2056.738
North Carolina,2018-01-01,2018,1,January,1153.87
North Carolina,2018-02-01,2018,2,February,428.70399999999995
North Carolina,2018-03-01,2018,3,March,61.876
North Carolina,2018-04-01,2018,4,April,264.64799999999997
North Carolina,2018-05-01,2018,5,May,1129.3129999999999
North Carolina,2018-06-01,2018,6,June,923.9799999999999
North Carolina,2018-07-01,2018,7,July,94.768
North Carolina,2018-08-01,2018,8,August,809.616
North Carolina,2018-09-01,2018,9,September,1033.056
North Carolina,2018-10-01,2018,10,October,2982.606
North Carolina,2018-11-01,2018,11,November,13993.298
North Carolina,2018-12-01,2018,12,December,143.894
Ohio,2015-01-01,2015,1,January,40.846000000000004
Ohio,2015-02-01,2015,2,February,19.456
Ohio,2015-03-01,2015,3,March,394.48199999999997
Ohio,2015-04-01,2015,4,April,976.254
Ohio,2015-05-01,2015,5,May,971.1
Ohio,2015-06-01,2015,6,June,48.983999999999995
Ohio,2015-07-01,2015,7,July,53.344
Ohio,2015-08-01,2015,8,August,330.094
Ohio,2015-09-01,2015,9,September,1299.194
Ohio,2015-10-01,2015,10,October,2663.404
Ohio,2015-11-01,2015,11,November,3832.03
Ohio,2015-12-01,2015,12,December,3075.068
Ohio,2016-01-01,2016,1,January,2868.344
Ohio,2016-02-01,2016,2,February,535.53
Ohio,2016-03-01,2016,3,March,0.0
Ohio,2016-04-01,2016,4,April,1262.174
Ohio,2016-05-01,2016,5,May,375.01800000000003
Ohio,2016-06-01,2016,6,June,544.972
Ohio,2016-07-01,2016,7,July,0.0
Ohio,2016-08-01,2016,8,August,1106.668
Ohio,2016-09-01,2016,9,September,97.684
Ohio,2016-10-01,2016,10,October,480.584
Ohio,2016-11-01,2016,11,November,893.524
Ohio,2016-12-01,2016,12,December,7753.754
Ohio,2017-01-01,2017,1,January,330.164
Ohio,2017-02-01,2017,2,February,188.176
Ohio,2017-03-01,2017,3,March,800.357
Ohio,2017-04-01,2017,4,April,1006.016
Ohio,2017-05-01,2017,5,May,3323.405
Ohio,2017-06-01,2017,6,June,0.0
Ohio,2017-07-01,2017,7,July,1879.776
Ohio,2017-08-01,2017,8,August,1056.634
Ohio,2017-09-01,2017,9,September,1986.822
Ohio,2017-10-01,2017,10,October,927.456
Ohio,2017-11-01,2017,11,November,10642.839
Ohio,2017-12-01,2017,12,December,1993.437
Ohio,2018-01-01,2018,1,January,242.87
Ohio,2018-02-01,2018,2,February,2046.932
Ohio,2018-03-01,2018,3,March,779.009
Ohio,2018-04-01,2018,4,April,1251.7399999999998
Ohio,2018-05-01,2018,5,May,505.331
Ohio,2018-06-01,2018,6,June,1844.1
Ohio,2018-07-01,2018,7,July,3437.14
Ohio,2018-08-01,2018,8,August,703.0300000000001
Ohio,2018-09-01,2018,9,September,2865.638
Ohio,2018-10-01,2018,10,October,1167.508
Ohio,2018-11-01,2018,11,November,4523.492
Ohio,2018-12-01,2018,12,December,2005.97
Oklahoma,2015-06-01,2015,6,June,475.41999999999996
Oklahoma,2015-07-01,2015,7,July,0.0
Oklahoma,2015-08-01,2015,8,August,0.0
Oklahoma,2015-09-01,2015,9,September,1683.97
Oklahoma,2015-10-01,2015,10,October,0.0
Oklahoma,2015-11-01,2015,11,November,0.0
Oklahoma,2015-12-01,2015,12,December,479.96
Oklahoma,2016-01-01,2016,1,January,0.0
Oklahoma,2016-02-01,2016,2,February,0.0
Oklahoma,2016-03-01,2016,3,March,0.0
Oklahoma,2016-04-01,2016,4,April,0.0
Oklahoma,2016-05-01,2016,5,May,0.0
Oklahoma,2016-06-01,2016,6,June,0.0
Oklahoma,2016-07-01,2016,7,July,0.0
Oklahoma,2016-08-01,2016,8,August,0.0
Oklahoma,2016-09-01,2016,9,September,836.8800000000001
Oklahoma,2016-10-01,2016,10,October,0.0
Oklahoma,2016-11-01,2016,11,November,1971.46
Oklahoma,2016-12-01,2016,12,December,0.0
Oklahoma,2017-01-01,2017,1,January,1604.73
Oklahoma,2017-02-01,2017,2,February,69.93
Oklahoma,2017-03-01,2017,3,March,1287.45
Oklahoma,2017-04-01,2017,4,April,0.0
Oklahoma,2017-05-01,2017,5,May,0.0
Oklahoma,2017-06-01,2017,6,June,64.59
Oklahoma,2017-07-01,2017,7,July,0.0
Oklahoma,2017-08-01,2017,8,August,411.20000000000005
Oklahoma,2017-09-01,2017,9,September,12.86
Oklahoma,2017-10-01,2017,10,October,1823.38
Oklahoma,2017-11-01,2017,11,November,2671.77
Oklahoma,2017-12-01,2017,12,December,63.88
Oklahoma,2018-01-01,2018,1,January,0.0
Oklahoma,2018-02-01,2018,2,February,19.669999999999998
Oklahoma,2018-03-01,2018,3,March,2131.7400000000002
Oklahoma,2018-04-01,2018,4,April,0.0
Oklahoma,2018-05-01,2018,5,May,477.3
Oklahoma,2018-06-01,2018,6,June,0.0
Oklahoma,2018-07-01,2018,7,July,935.74
Oklahoma,2018-08-01,2018,8,August,0.0
Oklahoma,2018-09-01,2018,9,September,291.96
Oklahoma,2018-10-01,2018,10,October,2320.54
Oklahoma,2018-11-01,2018,11,November,38.16
Oklahoma,2018-12-01,2018,12,December,10.8
Oregon,2015-01-01,2015,1,January,64.864
Oregon,2015-02-01,2015,2,February,55.672
Oregon,2015-03-01,2015,3,March,0.0
Oregon,2015-04-01,2015,4,April,0.0
Oregon,2015-05-01,2015,5,May,0.0
Oregon,2015-06-01,2015,6,June,344.91999999999996
Oregon,2015-07-01,2015,7,July,0.0
Oregon,2015-08-01,2015,8,August,0.0
Oregon,2015-09-01,2015,9,September,1827.0610000000001
Oregon,2015-10-01,2015,10,October,0.0
Oregon,2015-11-01,2015,11,November,1773.88
Oregon,2015-12-01,2015,12,December,594.698
Oregon,2016-01-01,2016,1,January,0.0
Oregon,2016-02-01,2016,2,February,0.0
Oregon,2016-03-01,2016,3,March,29.304
Oregon,2016-04-01,2016,4,April,35.208
Oregon,2016-05-01,2016,5,May,5.248
Oregon,2016-06-01,2016,6,June,0.0
Oregon,2016-07-01,2016,7,July,0.0
Oregon,2016-08-01,2016,8,August,996.4359999999999
Oregon,2016-09-01,2016,9,September,422.426
Oregon,2016-10-01,2016,10,October,2209.603
Oregon,2016-11-01,2016,11,November,267.74399999999997
Oregon,2016-12-01,2016,12,December,319.968
Oregon,2017-01-01,2017,1,January,0.0
Oregon,2017-02-01,2017,2,February,0.0
Oregon,2017-03-01,2017,3,March,535.877
Oregon,2017-04-01,2017,4,April,0.0
Oregon,2017-05-01,2017,5,May,0.0
Oregon,2017-06-01,2017,6,June,0.0
Oregon,2017-07-01,2017,7,July,335.8
Oregon,2017-08-01,2017,8,August,26.352
Oregon,2017-09-01,2017,9,September,924.2700000000001
Oregon,2017-10-01,2017,10,October,0.0
Oregon,2017-11-01,2017,11,November,1869.1009999999999
Oregon,2017-12-01,2017,12,December,1759.4370000000001
Oregon,2018-01-01,2018,1,January,0.0
Oregon,2018-02-01,2018,2,February,0.0
Oregon,2018-03-01,2018,3,March,0.0
Oregon,2018-04-01,2018,4,April,0.0
Oregon,2018-05-01,2018,5,May,550.448
Oregon,2018-06-01,2018,6,June,87.688
Oregon,2018-07-01,2018,7,July,1.08
Oregon,2018-08-01,2018,8,August,6.208
Oregon,2018-09-01,2018,9,September,1147.814
Oregon,2018-10-01,2018,10,October,1063.9070000000002
Oregon,2018-11-01,2018,11,November,29.448000000000004
Pennsylvania,2015-01-01,2015,1,January,381.46000000000004
Pennsylvania,2015-02-01,2015,2,February,0.0
Pennsylvania,2015-03-01,2015,3,March,127.476
Pennsylvania,2015-04-01,2015,4,April,960.01
Pennsylvania,2015-05-01,2015,5,May,2251.893
Pennsylvania,2015-06-01,2015,6,June,3218.118
Pennsylvania,2015-07-01,2015,7,July,352.244
Pennsylvania,2015-08-01,2015,8,August,858.7719999999999
Pennsylvania,2015-09-01,2015,9,September,3759.582
Pennsylvania,2015-10-01,2015,10,October,1001.122
Pennsylvania,2015-11-01,2015,11,November,3830.717
Pennsylvania,2015-12-01,2015,12,December,3350.13
Pennsylvania,2016-01-01,2016,1,January,0.0
Pennsylvania,2016-02-01,2016,2,February,97.691
Pennsylvania,2016-03-01,2016,3,March,693.11
Pennsylvania,2016-04-01,2016,4,April,1692.54
Pennsylvania,2016-05-01,2016,5,May,1705.236
Pennsylvania,2016-06-01,2016,6,June,628.912
Pennsylvania,2016-07-01,2016,7,July,1503.74
Pennsylvania,2016-08-01,2016,8,August,2545.704
Pennsylvania,2016-09-01,2016,9,September,5902.135
Pennsylvania,2016-10-01,2016,10,October,100.688
Pennsylvania,2016-11-01,2016,11,November,3426.7509999999997
Pennsylvania,2016-12-01,2016,12,December,2203.941
Pennsylvania,2017-01-01,2017,1,January,109.252
Pennsylvania,2017-02-01,2017,2,February,57.576
Pennsylvania,2017-03-01,2017,3,March,3634.4379999999996
Pennsylvania,2017-04-01,2017,4,April,1096.232
Pennsylvania,2017-05-01,2017,5,May,9507.088
Pennsylvania,2017-06-01,2017,6,June,2284.986
Pennsylvania,2017-07-01,2017,7,July,3180.017
Pennsylvania,2017-08-01,2017,8,August,2615.112
Pennsylvania,2017-09-01,2017,9,September,3419.098
Pennsylvania,2017-10-01,2017,10,October,849.731
Pennsylvania,2017-11-01,2017,11,November,3830.67
Pennsylvania,2017-12-01,2017,12,December,2412.172
Pennsylvania,2018-01-01,2018,1,January,3608.338
Pennsylvania,2018-02-01,2018,2,February,1448.676
Pennsylvania,2018-03-01,2018,3,March,1162.4750000000001
Pennsylvania,2018-04-01,2018,4,April,1976.422
Pennsylvania,2018-05-01,2018,5,May,1138.6399999999999
Pennsylvania,2018-06-01,2018,6,June,1319.307
Pennsylvania,2018-07-01,2018,7,July,3194.5
Pennsylvania,2018-08-01,2018,8,August,7822.83
Pennsylvania,2018-09-01,2018,9,September,9018.123
Pennsylvania,2018-10-01,2018,10,October,1873.304
Pennsylvania,2018-11-01,2018,11,November,7158.675
Pennsylvania,2018-12-01,2018,12,December,2967.016
Rhode Island,2015-10-01,2015,10,October,2116.5060000000003
Rhode Island,2015-11-01,2015,11,November,52.96
Rhode Island,2015-12-01,2015,12,December,2846.22
Rhode Island,2016-01-01,2016,1,January,0.0
Rhode Island,2016-02-01,2016,2,February,599.9
Rhode Island,2016-03-01,2016,3,March,0.0
Rhode Island,2016-04-01,2016,4,April,0.0
Rhode Island,2016-05-01,2016,5,May,51.45
Rhode Island,2016-06-01,2016,6,June,0.0
Rhode Island,2016-07-01,2016,7,July,0.0
Rhode Island,2016-08-01,2016,8,August,448.21
Rhode Island,2016-09-01,2016,9,September,0.0
Rhode Island,2016-10-01,2016,10,October,0.0
Rhode Island,2016-11-01,2016,11,November,0.0
Rhode Island,2016-12-01,2016,12,December,0.0
Rhode Island,2017-01-01,2017,1,January,0.0
Rhode Island,2017-02-01,2017,2,February,0.0
Rhode Island,2017-03-01,2017,3,March,0.0
Rhode Island,2017-04-01,2017,4,April,0.0
Rhode Island,2017-05-01,2017,5,May,111.96
Rhode Island,2017-06-01,2017,6,June,14.9
Rhode Island,2017-07-01,2017,7,July,12.96
Rhode Island,2017-08-01,2017,8,August,0.0
Rhode Island,2017-09-01,2017,9,September,2614.6400000000003
Rhode Island,2017-10-01,2017,10,October,5549.41
Rhode Island,2017-11-01,2017,11,November,0.0
Rhode Island,2017-12-01,2017,12,December,4781.7300000000005
Rhode Island,2018-01-01,2018,1,January,0.0
Rhode Island,2018-02-01,2018,2,February,0.0
Rhode Island,2018-03-01,2018,3,March,0.0
Rhode Island,2018-04-01,2018,4,April,139.64000000000001
Rhode Island,2018-05-01,2018,5,May,0.0
Rhode Island,2018-06-01,2018,6,June,0.0
Rhode Island,2018-07-01,2018,7,July,252.0
Rhode Island,2018-08-01,2018,8,August,0.0
Rhode Island,2018-09-01,2018,9,September,148.0
Rhode Island,2018-10-01,2018,10,October,1275.66
Rhode Island,2018-11-01,2018,11,November,0.0
Rhode Island,2018-12-01,2018,12,December,1508.88
South Carolina,2015-01-01,2015,1,January,545.94
South Carolina,2015-02-01,2015,2,February,0.0
South Carolina,2015-03-01,2015,3,March,354.9
South Carolina,2015-04-01,2015,4,April,752.9200000000001
South Carolina,2015-05-01,2015,5,May,0.0
South Carolina,2015-06-01,2015,6,June,0.0
South Carolina,2015-07-01,2015,7,July,0.0
South Carolina,2015-08-01,2015,8,August,62.91
South Carolina,2015-09-01,2015,9,September,0.0
South Carolina,2015-10-01,2015,10,October,11.85
South Carolina,2015-11-01,2015,11,November,542.34
South Carolina,2015-12-01,2015,12,December,0.0
South Carolina,2016-01-01,2016,1,January,0.0
South Carolina,2016-02-01,2016,2,February,0.0
South Carolina,2016-03-01,2016,3,March,59.480000000000004
South Carolina,2016-04-01,2016,4,April,0.0
South Carolina,2016-05-01,2016,5,May,186.69
South Carolina,2016-06-01,2016,6,June,0.0
South Carolina,2016-07-01,2016,7,July,0.0
South Carolina,2016-08-01,2016,8,August,0.0
South Carolina,2016-09-01,2016,9,September,3901.45
South Carolina,2016-10-01,2016,10,October,0.0
South Carolina,2016-11-01,2016,11,November,0.0
South Carolina,2016-12-01,2016,12,December,0.0
South Carolina,2017-01-01,2017,1,January,0.0
South Carolina,2017-02-01,2017,2,February,0.0
South Carolina,2017-03-01,2017,3,March,0.0
South Carolina,2017-04-01,2017,4,April,0.0
South Carolina,2017-05-01,2017,5,May,0.0
South Carolina,2017-06-01,2017,6,June,191.88
South Carolina,2017-07-01,2017,7,July,284.68
South Carolina,2017-08-01,2017,8,August,0.0
South Carolina,2017-09-01,2017,9,September,25.92
South Carolina,2017-10-01,2017,10,October,0.0
South Carolina,2017-11-01,2017,11,November,0.0
South Carolina,2017-12-01,2017,12,December,0.0
South Carolina,2018-01-01,2018,1,January,0.0
South Carolina,2018-02-01,2018,2,February,0.0
South Carolina,2018-03-01,2018,3,March,0.0
South Carolina,2018-04-01,2018,4,April,127.95
South Carolina,2018-05-01,2018,5,May,301.96
South Carolina,2018-06-01,2018,6,June,0.0
South Carolina,2018-07-01,2018,7,July,0.0
South Carolina,2018-08-01,2018,8,August,0.0
South Carolina,2018-09-01,2018,9,September,685.26
South Carolina,2018-10-01,2018,10,October,0.0
South Carolina,2018-11-01,2018,11,November,406.93999999999994
South Carolina,2018-12-01,2018,12,December,38.64
South Dakota,2015-01-01,2015,1,January,152.64000000000001
South Dakota,2015-02-01,2015,2,February,0.0
South Dakota,2015-03-01,2015,3,March,0.0
South Dakota,2015-04-01,2015,4,April,0.0
South Dakota,2015-05-01,2015,5,May,0.0
South Dakota,2015-06-01,2015,6,June,0.0
South Dakota,2015-07-01,2015,7,July,9.51
South Dakota,2015-08-01,2015,8,August,0.0
South Dakota,2015-09-01,2015,9,September,0.0
South Dakota,2015-10-01,2015,10,October,0.0
South Dakota,2015-11-01,2015,11,November,0.0
South Dakota,2015-12-01,2015,12,December,0.0
South Dakota,2016-01-01,2016,1,January,0.0
South Dakota,2016-02-01,2016,2,February,0.0
South Dakota,2016-03-01,2016,3,March,0.0
South Dakota,2016-04-01,2016,4,April,0.0
South Dakota,2016-05-01,2016,5,May,0.0
South Dakota,2016-06-01,2016,6,June,0.0
South Dakota,2016-07-01,2016,7,July,0.0
South Dakota,2016-08-01,2016,8,August,0.0
South Dakota,2016-09-01,2016,9,September,0.0
South Dakota,2016-10-01,2016,10,October,0.0
South Dakota,2016-11-01,2016,11,November,0.0
South Dakota,2016-12-01,2016,12,December,0.0
South Dakota,2017-01-01,2017,1,January,0.0
South Dakota,2017-02-01,2017,2,February,0.0
South Dakota,2017-03-01,2017,3,March,0.0
South Dakota,2017-04-01,2017,4,April,0.0
South Dakota,2017-05-01,2017,5,May,0.0
South Dakota,2017-06-01,2017,6,June,0.0
South Dakota,2017-07-01,2017,7,July,0.0
South Dakota,2017-08-01,2017,8,August,0.0
South Dakota,2017-09-01,2017,9,September,0.0
South Dakota,2017-10-01,2017,10,October,0.0
South Dakota,2017-11-01,2017,11,November,0.0
South Dakota,2017-12-01,2017,12,December,0.0
South Dakota,2018-01-01,2018,1,January,0.0
South Dakota,2018-02-01,2018,2,February,0.0
South Dakota,2018-03-01,2018,3,March,0.0
South Dakota,2018-04-01,2018,4,April,0.0
South Dakota,2018-05-01,2018,5,May,0.0
South Dakota,2018-06-01,2018,6,June,0.0
South Dakota,2018-07-01,2018,7,July,1127.91
South Dakota,2018-08-01,2018,8,August,0.0
South Dakota,2018-09-01,2018,9,September,0.0
South Dakota,2018-10-01,2018,10,October,0.0
South Dakota,2018-11-01,2018,11,November,25.5
Tennessee,2015-01-01,2015,1,January,67.194
Tennessee,2015-02-01,2015,2,February,0.0
Tennessee,2015-03-01,2015,3,March,310.528
Tennessee,2015-04-01,2015,4,April,661.5039999999999
Tennessee,2015-05-01,2015,5,May,0.0
Tennessee,2015-06-01,2015,6,June,170.352
Tennessee,2015-07-01,2015,7,July,4.368
Tennessee,2015-08-01,2015,8,August,0.0
Tennessee,2015-09-01,2015,9,September,69.216
Tennessee,2015-10-01,2015,10,October,426.942
Tennessee,2015-11-01,2015,11,November,509.52
Tennessee,2015-12-01,2015,12,December,831.8879999999999
Tennessee,2016-01-01,2016,1,January,88.96
Tennessee,2016-02-01,2016,2,February,551.264
Tennessee,2016-03-01,2016,3,March,0.0
Tennessee,2016-04-01,2016,4,April,1159.554
Tennessee,2016-05-01,2016,5,May,467.04
Tennessee,2016-06-01,2016,6,June,670.001
Tennessee,2016-07-01,2016,7,July,5.16
Tennessee,2016-08-01,2016,8,August,0.0
Tennessee,2016-09-01,2016,9,September,2457.429
Tennessee,2016-10-01,2016,10,October,0.0
Tennessee,2016-11-01,2016,11,November,835.482
Tennessee,2016-12-01,2016,12,December,2131.154
Tennessee,2017-01-01,2017,1,January,0.0
Tennessee,2017-02-01,2017,2,February,148.72
Tennessee,2017-03-01,2017,3,March,1092.768
Tennessee,2017-04-01,2017,4,April,237.376
Tennessee,2017-05-01,2017,5,May,468.903
Tennessee,2017-06-01,2017,6,June,91.475
Tennessee,2017-07-01,2017,7,July,0.0
Tennessee,2017-08-01,2017,8,August,31.77
Tennessee,2017-09-01,2017,9,September,531.962
Tennessee,2017-10-01,2017,10,October,351.648
Tennessee,2017-11-01,2017,11,November,0.0
Tennessee,2017-12-01,2017,12,December,175.872
Tennessee,2018-01-01,2018,1,January,175.08599999999998
Tennessee,2018-02-01,2018,2,February,0.0
Tennessee,2018-03-01,2018,3,March,4.608
Tennessee,2018-04-01,2018,4,April,631.5640000000001
Tennessee,2018-05-01,2018,5,May,388.928
Tennessee,2018-06-01,2018,6,June,2997.472
Tennessee,2018-07-01,2018,7,July,0.0
Tennessee,2018-08-01,2018,8,August,2481.826
Tennessee,2018-09-01,2018,9,September,1125.512
Tennessee,2018-10-01,2018,10,October,4331.458
Tennessee,2018-11-01,2018,11,November,1869.917
Tennessee,2018-12-01,2018,12,December,2107.452
Texas,2015-01-01,2015,1,January,144.14999999999998
Texas,2015-02-01,2015,2,February,74.364
Texas,2015-03-01,2015,3,March,2895.818
Texas,2015-04-01,2015,4,April,2722.772
Texas,2015-05-01,2015,5,May,1951.373
Texas,2015-06-01,2015,6,June,2586.3196
Texas,2015-07-01,2015,7,July,6443.632
Texas,2015-08-01,2015,8,August,573.806
Texas,2015-09-01,2015,9,September,19135.3578
Texas,2015-10-01,2015,10,October,3793.31
Texas,2015-11-01,2015,11,November,6232.6602
Texas,2015-12-01,2015,12,December,3585.926
Texas,2016-01-01,2016,1,January,2084.2676
Texas,2016-02-01,2016,2,February,793.894
Texas,2016-03-01,2016,3,March,2297.5744
Texas,2016-04-01,2016,4,April,3584.932
Texas,2016-05-01,2016,5,May,3062.786
Texas,2016-06-01,2016,6,June,1636.828
Texas,2016-07-01,2016,7,July,533.76
Texas,2016-08-01,2016,8,August,4468.7232
Texas,2016-09-01,2016,9,September,2699.114
Texas,2016-10-01,2016,10,October,4151.591
Texas,2016-11-01,2016,11,November,4336.08
Texas,2016-12-01,2016,12,December,4356.3592
Texas,2017-01-01,2017,1,January,441.188
Texas,2017-02-01,2017,2,February,331.476
Texas,2017-03-01,2017,3,March,7462.9890000000005
Texas,2017-04-01,2017,4,April,4520.652
Texas,2017-05-01,2017,5,May,2388.354
Texas,2017-06-01,2017,6,June,988.886
Texas,2017-07-01,2017,7,July,3387.706
Texas,2017-08-01,2017,8,August,4847.556799999999
Texas,2017-09-01,2017,9,September,6552.7334
Texas,2017-10-01,2017,10,October,950.124
Texas,2017-11-01,2017,11,November,5489.0868
Texas,2017-12-01,2017,12,December,3644.6240000000003
Texas,2018-01-01,2018,1,January,3210.428
Texas,2018-02-01,2018,2,February,1399.6024
Texas,2018-03-01,2018,3,March,7950.3968
Texas,2018-04-01,2018,4,April,626.6676
Texas,2018-05-01,2018,5,May,3434.8752
Texas,2018-06-01,2018,6,June,3326.8122
Texas,2018-07-01,2018,7,July,2154.79
Texas,2018-08-01,2018,8,August,2566.792
Texas,2018-09-01,2018,9,September,3939.966
Texas,2018-10-01,2018,10,October,4143.6502
Texas,2018-11-01,2018,11,November,7968.447
Texas,2018-12-01,2018,12,December,2699.3308
Utah,2015-03-01,2015,3,March,280.276
Utah,2015-04-01,2015,4,April,0.0
Utah,2015-05-01,2015,5,May,103.9
Utah,2015-06-01,2015,6,June,133.128
Utah,2015-07-01,2015,7,July,111.93
Utah,2015-08-01,2015,8,August,2126.034
Utah,2015-09-01,2015,9,September,0.0
Utah,2015-10-01,2015,10,October,0.0
Utah,2015-11-01,2015,11,November,188.42
Utah,2015-12-01,2015,12,December,0.0
Utah,2016-01-01,2016,1,January,0.0
Utah,2016-02-01,2016,2,February,12.144
Utah,2016-03-01,2016,3,March,16.776
Utah,2016-04-01,2016,4,April,0.0
Utah,2016-05-01,2016,5,May,1745.71
Utah,2016-06-01,2016,6,June,4.96
Utah,2016-07-01,2016,7,July,0.0
Utah,2016-08-01,2016,8,August,0.0
Utah,2016-09-01,2016,9,September,1957.38
Utah,2016-10-01,2016,10,October,0.0
Utah,2016-11-01,2016,11,November,256.35
Utah,2016-12-01,2016,12,December,0.0
Utah,2017-01-01,2017,1,January,0.0
Utah,2017-02-01,2017,2,February,0.0
Utah,2017-03-01,2017,3,March,0.0
Utah,2017-04-01,2017,4,April,0.0
Utah,2017-05-01,2017,5,May,0.0
Utah,2017-06-01,2017,6,June,0.0
Utah,2017-07-01,2017,7,July,1603.2900000000002
Utah,2017-08-01,2017,8,August,0.0
Utah,2017-09-01,2017,9,September,0.0
Utah,2017-10-01,2017,10,October,219.12
Utah,2017-11-01,2017,11,November,0.0
Utah,2017-12-01,2017,12,December,0.0
Utah,2018-01-01,2018,1,January,0.0
Utah,2018-02-01,2018,2,February,0.0
Utah,2018-03-01,2018,3,March,0.0
Utah,2018-04-01,2018,4,April,0.0
Utah,2018-05-01,2018,5,May,0.0
Utah,2018-06-01,2018,6,June,0.0
Utah,2018-07-01,2018,7,July,97.91799999999999
Utah,2018-08-01,2018,8,August,102.72
Utah,2018-09-01,2018,9,September,2228.88
Utah,2018-10-01,2018,10,October,11.68
Utah,2018-11-01,2018,11,November,19.44
Vermont,2016-11-01,2016,11,November,5120.099999999999
Vermont,2016-12-01,2016,12,December,0.0
Vermont,2017-01-01,2017,1,January,1672.31
Vermont,2017-02-01,2017,2,February,0.0
Vermont,2017-03-01,2017,3,March,0.0
Vermont,2017-04-01,2017,4,April,1294.75
Vermont,2017-05-01,2017,5,May,0.0
Vermont,2017-06-01,2017,6,June,0.0
Vermont,2017-07-01,2017,7,July,0.0
Vermont,2017-08-01,2017,8,August,0.0
Vermont,2017-09-01,2017,9,September,0.0
Vermont,2017-10-01,2017,10,October,0.0
Vermont,2017-11-01,2017,11,November,0.0
Vermont,2017-12-01,2017,12,December,0.0
Vermont,2018-01-01,2018,1,January,637.1800000000001
Vermont,2018-02-01,2018,2,February,0.0
Vermont,2018-03-01,2018,3,March,0.0
Vermont,2018-04-01,2018,4,April,0.0
Vermont,2018-05-01,2018,5,May,0.0
Vermont,2018-06-01,2018,6,June,0.0
Vermont,2018-07-01,2018,7,July,0.0
Vermont,2018-08-01,2018,8,August,0.0
Vermont,2018-09-01,2018,9,September,0.0
Vermont,2018-10-01,2018,10,October,0.0
Vermont,2018-11-01,2018,11,November,0.0
Vermont,2018-12-01,2018,12,December,205.03
Virginia,2015-01-01,2015,1,January,999.4399999999999
Virginia,2015-02-01,2015,2,February,1829.69
Virginia,2015-03-01,2015,3,March,4909.48
Virginia,2015-04-01,2015,4,April,4558.93
Virginia,2015-05-01,2015,5,May,3429.04
Virginia,2015-06-01,2015,6,June,1866.9699999999998
Virginia,2015-07-01,2015,7,July,37.44
Virginia,2015-08-01,2015,8,August,3242.7200000000003
Virginia,2015-09-01,2015,9,September,264.61
Virginia,2015-10-01,2015,10,October,1178.6000000000001
Virginia,2015-11-01,2015,11,November,341.24
Virginia,2015-12-01,2015,12,December,3143.89
Virginia,2016-01-01,2016,1,January,192.22
Virginia,2016-02-01,2016,2,February,500.73999999999995
Virginia,2016-03-01,2016,3,March,5.56
Virginia,2016-04-01,2016,4,April,2298.8999999999996
Virginia,2016-05-01,2016,5,May,151.96
Virginia,2016-06-01,2016,6,June,1694.93
Virginia,2016-07-01,2016,7,July,0.0
Virginia,2016-08-01,2016,8,August,520.03
Virginia,2016-09-01,2016,9,September,2314.82
Virginia,2016-10-01,2016,10,October,288.79
Virginia,2016-11-01,2016,11,November,1848.68
Virginia,2016-12-01,2016,12,December,726.79
Virginia,2017-01-01,2017,1,January,0.0
Virginia,2017-02-01,2017,2,February,8969.320000000002
Virginia,2017-03-01,2017,3,March,365.6
Virginia,2017-04-01,2017,4,April,941.27
Virginia,2017-05-01,2017,5,May,5397.71
Virginia,2017-06-01,2017,6,June,75.88
Virginia,2017-07-01,2017,7,July,18.14
Virginia,2017-08-01,2017,8,August,284.73
Virginia,2017-09-01,2017,9,September,4448.07
Virginia,2017-10-01,2017,10,October,734.76
Virginia,2017-11-01,2017,11,November,1394.32
Virginia,2017-12-01,2017,12,December,4061.25
Virginia,2018-01-01,2018,1,January,0.0
Virginia,2018-02-01,2018,2,February,359.97
Virginia,2018-03-01,2018,3,March,931.81
Virginia,2018-04-01,2018,4,April,4.89
Virginia,2018-05-01,2018,5,May,707.6
Virginia,2018-06-01,2018,6,June,767.3399999999999
Virginia,2018-07-01,2018,7,July,2017.82
Virginia,2018-08-01,2018,8,August,0.0
Virginia,2018-09-01,2018,9,September,245.45000000000002
Virginia,2018-10-01,2018,10,October,608.4300000000001
Virginia,2018-11-01,2018,11,November,88.62
Virginia,2018-12-01,2018,12,December,1868.27
Washington,2015-02-01,2015,2,February,679.0219999999999
Washington,2015-03-01,2015,3,March,2078.87
Washington,2015-04-01,2015,4,April,687.4499999999999
Washington,2015-05-01,2015,5,May,506.51800000000003
Washington,2015-06-01,2015,6,June,4391.948
Washington,2015-07-01,2015,7,July,1522.1599999999999
Washington,2015-08-01,2015,8,August,4455.304
Washington,2015-09-01,2015,9,September,8258.988
Washington,2015-10-01,2015,10,October,2498.6639999999998
Washington,2015-11-01,2015,11,November,3842.642
Washington,2015-12-01,2015,12,December,950.01
Washington,2016-01-01,2016,1,January,61.584
Washington,2016-02-01,2016,2,February,544.1999999999999
Washington,2016-03-01,2016,3,March,6366.176
Washington,2016-04-01,2016,4,April,263.78
Washington,2016-05-01,2016,5,May,809.168
Washington,2016-06-01,2016,6,June,218.20800000000003
Washington,2016-07-01,2016,7,July,1417.17
Washington,2016-08-01,2016,8,August,564.768
Washington,2016-09-01,2016,9,September,1446.916
Washington,2016-10-01,2016,10,October,381.086
Washington,2016-11-01,2016,11,November,843.402
Washington,2016-12-01,2016,12,December,7064.636
Washington,2017-01-01,2017,1,January,781.3580000000001
Washington,2017-02-01,2017,2,February,0.0
Washington,2017-03-01,2017,3,March,364.672
Washington,2017-04-01,2017,4,April,72.472
Washington,2017-05-01,2017,5,May,160.84
Washington,2017-06-01,2017,6,June,1728.1840000000002
Washington,2017-07-01,2017,7,July,1061.032
Washington,2017-08-01,2017,8,August,1854.906
Washington,2017-09-01,2017,9,September,3622.528
Washington,2017-10-01,2017,10,October,1241.97
Washington,2017-11-01,2017,11,November,2160.6820000000002
Washington,2017-12-01,2017,12,December,6765.639999999999
Washington,2018-01-01,2018,1,January,2290.422
Washington,2018-02-01,2018,2,February,2057.612
Washington,2018-03-01,2018,3,March,15580.321999999998
Washington,2018-04-01,2018,4,April,1274.54
Washington,2018-05-01,2018,5,May,1941.946
Washington,2018-06-01,2018,6,June,4927.506
Washington,2018-07-01,2018,7,July,5899.936
Washington,2018-08-01,2018,8,August,10587.796
Washington,2018-09-01,2018,9,September,3969.276
Washington,2018-10-01,2018,10,October,1761.3600000000001
Washington,2018-11-01,2018,11,November,11829.358
Washington,2018-12-01,2018,12,December,3419.822
Wisconsin,2015-02-01,2015,2,February,468.9
Wisconsin,2015-03-01,2015,3,March,0.0
Wisconsin,2015-04-01,2015,4,April,0.0
Wisconsin,2015-05-01,2015,5,May,148.03
Wisconsin,2015-06-01,2015,6,June,0.0
Wisconsin,2015-07-01,2015,7,July,0.0
Wisconsin,2015-08-01,2015,8,August,0.0
Wisconsin,2015-09-01,2015,9,September,0.0
Wisconsin,2015-10-01,2015,10,October,0.0
Wisconsin,2015-11-01,2015,11,November,1376.3
Wisconsin,2015-12-01,2015,12,December,2854.48
Wisconsin,2016-01-01,2016,1,January,0.0
Wisconsin,2016-02-01,2016,2,February,974.9000000000001
Wisconsin,2016-03-01,2016,3,March,2583.7200000000003
Wisconsin,2016-04-01,2016,4,April,330.15
Wisconsin,2016-05-01,2016,5,May,0.0
Wisconsin,2016-06-01,2016,6,June,0.0
Wisconsin,2016-07-01,2016,7,July,1099.96
Wisconsin,2016-08-01,2016,8,August,687.4
Wisconsin,2016-09-01,2016,9,September,0.0
Wisconsin,2016-10-01,2016,10,October,0.0
Wisconsin,2016-11-01,2016,11,November,2233.02
Wisconsin,2016-12-01,2016,12,December,452.65999999999997
Wisconsin,2017-01-01,2017,1,January,1671.93
Wisconsin,2017-02-01,2017,2,February,547.14
Wisconsin,2017-03-01,2017,3,March,16.74
Wisconsin,2017-04-01,2017,4,April,1467.89
Wisconsin,2017-05-01,2017,5,May,1309.55
Wisconsin,2017-06-01,2017,6,June,0.0
Wisconsin,2017-07-01,2017,7,July,0.0
Wisconsin,2017-08-01,2017,8,August,378.19
Wisconsin,2017-09-01,2017,9,September,857.12
Wisconsin,2017-10-01,2017,10,October,1649.75
Wisconsin,2017-11-01,2017,11,November,0.0
Wisconsin,2017-12-01,2017,12,December,4498.13
Wisconsin,2018-01-01,2018,1,January,3.6
Wisconsin,2018-02-01,2018,2,February,0.0
Wisconsin,2018-03-01,2018,3,March,2011.58
Wisconsin,2018-04-01,2018,4,April,0.0
Wisconsin,2018-05-01,2018,5,May,0.0
Wisconsin,2018-06-01,2018,6,June,0.0
Wisconsin,2018-07-01,2018,7,July,573.35
Wisconsin,2018-08-01,2018,8,August,113.41
Wisconsin,2018-09-01,2018,9,September,474.21
Wisconsin,2018-10-01,2018,10,October,60.72
Wisconsin,2018-11-01,2018,11,November,352.39
Wisconsin,2018-12-01,2018,12,December,1978.21
